Date,Open,High,Low,Close,Volume
2007-01-05,1418.030029,1429.420044,1405.75,1409.709961,-3531881888
2007-01-12,1409.26001,1431.22998,1403.969971,1430.72998,-7364106480
2007-01-19,1430.72998,1435.27002,1424.209961,1430.5,-6290159184
2007-01-26,1430.469971,1440.689941,1416.959961,1422.180054,-7555516480
2007-02-02,1422.030029,1449.329956,1418.459961,1448.390015,-7577076480
2007-02-09,1448.329956,1452.98999,1433.439941,1438.060059,-8039886480
2007-02-16,1438.0,1457.969971,1431.439941,1455.540039,-8837346480
2007-02-23,1455.530029,1461.569946,1448.359985,1451.189941,-3409341888
2007-03-02,1451.040039,1456.949951,1380.869995,1387.170044,-3475016480
2007-03-09,1387.109985,1410.150024,1373.969971,1402.839966,-5856906480
2007-03-16,1402.800049,1409.339966,1363.97998,1386.949951,-5351376480
2007-03-23,1386.949951,1438.890015,1386.949951,1436.109985,-6967956480
2007-03-30,1436.109985,1437.650024,1408.900024,1420.859985,-7288026480
2007-04-06,1420.829956,1444.880005,1416.369995,1443.76001,-6408679184
2007-04-13,1443.77002,1453.109985,1433.910034,1452.849976,-8204536480
2007-04-20,1452.839966,1484.73999,1452.839966,1484.349976,-6469246480
2007-04-27,1484.329956,1498.02002,1473.73999,1494.069946,-6582866480
2007-05-04,1494.069946,1510.339966,1476.699951,1505.619995,-6021366480
2007-05-11,1505.569946,1513.800049,1491.420044,1505.849976,-7446456480
2007-05-18,1505.76001,1522.75,1498.339966,1522.75,-6884646480
2007-05-25,1522.75,1532.430054,1505.180054,1515.72998,-6382936480
2007-06-01,1515.550049,1540.560059,1510.060059,1536.339966,-5365319184
2007-06-08,1536.280029,1540.530029,1487.410034,1507.670044,-6300336480
2007-06-15,1507.640015,1538.709961,1492.650024,1532.910034,-6595766480
2007-06-22,1532.900024,1537.319946,1500.73999,1502.560059,-5388676480
2007-06-29,1502.560059,1517.530029,1484.180054,1503.349976,-5218786480
2007-07-06,1504.660034,1532.400024,1504.660034,1530.439941,-3610651888
2007-07-13,1530.430054,1555.099976,1506.099976,1552.5,-6141586480
2007-07-20,1552.5,1555.900024,1529.199951,1534.099976,-5157136480
2007-07-27,1534.060059,1547.22998,1458.949951,1458.949951,-715906480
2007-08-03,1458.930054,1488.300049,1432.800049,1433.060059,1076203520
2007-08-10,1433.040039,1503.890015,1427.390015,1453.640015,5236693520
2007-08-17,1453.420044,1466.290039,1370.599976,1445.939941,-3888623776
2007-08-24,1445.939941,1479.400024,1430.540039,1479.369995,-6206436480
2007-08-31,1479.359985,1481.469971,1432.01001,1473.98999,-7851926480
2007-09-07,1473.959961,1496.400024,1449.069946,1453.550049,-5770999184
2007-09-14,1453.5,1489.579956,1439.290039,1484.25,-7219246480
2007-09-21,1484.23999,1538.73999,1471.819946,1525.75,-4683596480
2007-09-28,1525.75,1533.73999,1507.130005,1526.75,-6120836480
2007-10-05,1527.290039,1561.910034,1527.25,1557.589966,-6416156480
2007-10-12,1556.51001,1576.089966,1546.719971,1561.800049,-2462469184
2007-10-19,1562.25,1564.73999,1500.26001,1500.630005,-4098736480
2007-10-26,1497.790039,1535.530029,1489.560059,1535.280029,-2894506480
2007-11-02,1536.920044,1552.76001,1492.530029,1509.650024,-2657306480
2007-11-09,1505.609985,1520.77002,1448.51001,1453.699951,603583520
2007-11-16,1453.660034,1492.140015,1438.530029,1458.73999,-999656480
2007-11-23,1456.699951,1456.699951,1415.640015,1440.699951,1798848112
2007-11-30,1440.73999,1488.939941,1406.099976,1481.140015,-992696480
2007-12-07,1479.630005,1510.630005,1460.660034,1504.660034,-4398026480
2007-12-14,1505.109985,1523.569946,1467.780029,1467.949951,-2964556480
2007-12-21,1465.050049,1485.400024,1435.650024,1484.459961,-2745336480
2007-12-28,1484.550049,1498.849976,1471.699951,1478.48999,-525734592
2008-01-04,1475.25,1475.829956,1411.189941,1411.630005,-3690839184
2008-01-11,1414.069946,1430.280029,1378.699951,1401.02002,2469173520
2008-01-18,1402.910034,1417.890015,1312.51001,1325.189941,3557483520
2008-01-25,1312.939941,1368.560059,1270.050049,1330.609985,-1070916480
2008-02-01,1330.699951,1396.02002,1322.26001,1395.420044,1222873520
2008-02-08,1395.380005,1395.380005,1316.75,1331.290039,-1297546480
2008-02-15,1331.920044,1369.22998,1320.319946,1349.98999,-2752576480
2008-02-22,1355.859985,1367.939941,1327.040039,1353.109985,-2426479184
2008-02-29,1352.75,1388.339966,1325.420044,1330.630005,-1242416480
2008-03-07,1330.449951,1344.189941,1282.430054,1293.369995,566493520
2008-03-14,1293.160034,1333.26001,1272.660034,1288.140015,2536903520
2008-03-21,1283.209961,1341.51001,1256.97998,1329.51001,5342540816
2008-03-28,1330.290039,1359.680054,1312.949951,1315.219971,-1050136480
2008-04-04,1315.920044,1380.910034,1312.810059,1370.400024,-597086480
2008-04-11,1373.689941,1386.73999,1331.209961,1332.829956,-3157946480
2008-04-18,1332.199951,1395.900024,1324.349976,1390.329956,-2131956480
2008-04-25,1387.719971,1399.109985,1369.839966,1397.839966,-1775946480
2008-05-02,1397.959961,1422.719971,1383.069946,1413.900024,-1141816480
2008-05-09,1415.339966,1421.569946,1384.109985,1388.280029,-2718616480
2008-05-16,1389.400024,1425.819946,1386.199951,1425.349976,-2427176480
2008-05-23,1425.280029,1440.23999,1373.719971,1375.930054,-1946216480
2008-05-30,1375.969971,1406.319946,1373.069946,1400.380005,-1923699184
2008-06-06,1399.619995,1404.050049,1359.900024,1360.680054,96953520
2008-06-13,1360.829956,1370.630005,1331.290039,1360.030029,1159443520
2008-06-20,1358.849976,1366.589966,1314.459961,1317.930054,744203520
2008-06-27,1319.77002,1335.630005,1272.0,1278.380005,3681763520
2008-07-04,1278.060059,1292.170044,1252.01001,1262.900024,2222430816
2008-07-11,1262.900024,1277.359985,1225.349976,1239.48999,3293356224
2008-07-18,1241.609985,1262.310059,1200.439941,1260.680054,-1804118368
2008-07-25,1261.819946,1291.170044,1248.829956,1257.76001,2547436224
2008-08-01,1257.76001,1284.930054,1234.369995,1260.310059,3884613520
2008-08-08,1253.27002,1297.849976,1247.449951,1296.319946,3761330816
2008-08-15,1294.420044,1313.150024,1274.859985,1298.199951,1197183520
2008-08-22,1298.140015,1300.219971,1261.160034,1292.199951,-1157096480
2008-08-29,1290.469971,1300.680054,1263.209961,1282.829956,-3824656480
2008-09-05,1287.829956,1303.040039,1217.22998,1242.310059,2890250816
2008-09-12,1249.5,1274.420044,1211.540039,1251.699951,-4236785664
2008-09-19,1250.920044,1265.119995,1133.5,1255.079956,3691397040
2008-09-26,1255.369995,1255.369995,1179.790039,1213.27002,5160633520
2008-10-03,1209.069946,1209.069946,1098.140015,1099.22998,961858928
2008-10-10,1097.560059,1097.560059,839.7999878,899.2199707,-5227850256
2008-10-17,912.75,1044.310059,865.8300171,940.5499878,-6415702960
2008-10-24,943.5100098,985.4400024,852.8499756,876.7700195,120628928
2008-10-31,874.2800293,984.3800049,845.2700195,968.75,2238208928
2008-11-07,968.6699829,1007.51001,899.7299805,930.9899902,5009243520
2008-11-14,936.75,951.9500122,818.6900024,873.289978,3294866224
2008-11-21,873.2299805,882.289978,741.0200195,800.0300293,-1909505664
2008-11-28,801.2000122,896.25,801.2000122,896.2399902,-2403543776
2008-12-05,888.6099854,888.6099854,815.6900024,876.0700073,8994913520
2008-12-12,882.710022,918.5700073,851.3499756,879.7299805,3892466224
2008-12-19,881.0700073,918.8499756,857.7199707,887.8800049,3510056224
2008-12-26,887.2000122,887.3699951,857.0900269,872.7999878,3758485408
2009-01-02,872.3699951,934.7299805,857.0700073,931.7999878,-2007429184
2009-01-09,929.1699829,943.8499756,888.3099976,890.3499756,3744683520
2009-01-16,890.4000244,890.4000244,817.039978,850.1199951,229008928
2009-01-23,849.6400146,849.6400146,804.2999878,831.9500122,3044213520
2009-01-30,832.5,877.8599854,821.6699829,825.8800049,6535183520
2009-02-06,823.0900269,870.75,812.8699951,868.5999756,1023388928
2009-02-13,868.2399902,875.0100098,808.0599976,826.8400269,-20661072
2009-02-20,818.6099854,818.6099854,754.25,770.0499878,4131223520
2009-02-27,773.25,780.1199951,734.5200195,735.0900269,-5195792960
2009-03-06,729.5700073,729.5700073,666.789978,683.3800049,-4985452960
2009-03-13,680.7600098,758.289978,672.8800049,756.5499878,-5652492960
2009-03-20,758.8400269,803.2399902,749.9299927,768.539978,1161674336
2009-03-27,772.3099976,832.9799805,772.3099976,815.9400024,-3890605664
2009-04-03,809.0700073,845.6099854,779.8099976,842.5,5664546224
2009-04-10,839.75,856.9099731,814.5300293,856.5599976,3429913520
2009-04-17,855.3300171,875.6300049,835.5800171,869.5999756,-163228368
2009-04-24,868.2700195,871.7999878,826.8300171,866.2299805,-7533822960
2009-05-01,862.8200073,888.7000122,847.1199951,877.5200195,4447986224
2009-05-08,879.210022,930.1699829,879.210022,929.2299805,-3189552960
2009-05-15,922.9899902,922.9899902,878.9400024,882.8800049,1623988928
2009-05-22,886.0700073,924.5999756,879.6099854,887.0,1633868928
2009-05-29,887.0,920.0200195,881.460022,919.1400146,5975380816
2009-06-05,923.2600098,951.6900024,923.2600098,940.0900269,6837513520
2009-06-12,938.1199951,956.2299805,926.4400024,946.210022,2856923520
2009-06-19,942.4500122,942.4500122,903.7800293,921.2299805,4095293520
2009-06-26,918.1300049,922.0,888.8599854,918.9000244,4124743520
2009-07-03,919.8599854,931.9199829,896.4199829,896.4199829,-490139184
2009-07-10,894.2700195,898.7199707,869.3200073,879.1300049,1892073520
2009-07-17,879.5700073,943.960022,875.3200073,940.3800049,2452483520
2009-07-24,942.0700073,979.789978,940.9899902,979.2600098,3541663520
2009-07-31,978.6300049,996.6799927,968.6500244,987.4799805,4999823520
2009-08-07,990.2199707,1018.0,990.2199707,1010.47998,-2220008368
2009-08-14,1008.890015,1013.140015,992.4000244,1004.090027,5393983520
2009-08-21,998.1799927,1027.589966,978.5100098,1026.130005,1848413520
2009-08-28,1026.589966,1039.469971,1016.200012,1028.930054,7248073520
2009-09-04,1025.209961,1028.449951,991.9699707,1016.400024,661496224
2009-09-11,1018.669983,1048.180054,1018.669983,1042.72998,3371820816
2009-09-18,1040.150024,1074.77002,1035.0,1068.300049,170068928
2009-09-25,1067.140015,1080.150024,1041.170044,1044.380005,3931673520
2009-10-02,1045.380005,1069.619995,1019.950012,1025.209961,4575563520
2009-10-09,1026.869995,1071.51001,1025.920044,1071.48999,858713520
2009-10-16,1071.630005,1096.560059,1066.709961,1087.680054,2227013520
2009-10-23,1088.219971,1101.359985,1074.310059,1079.599976,4117493520
2009-10-30,1080.359985,1091.75,1033.380005,1036.189941,343798928
2009-11-06,1036.180054,1071.47998,1029.380005,1069.300049,4976293520
2009-11-13,1072.310059,1105.369995,1072.310059,1093.47998,-380476480
2009-11-20,1094.130005,1113.689941,1086.810059,1091.380005,-862316480
2009-11-27,1094.859985,1112.380005,1083.73999,1091.48999,-4251869184
2009-12-04,1091.069946,1119.130005,1086.25,1105.97998,1202503520
2009-12-11,1105.52002,1110.719971,1085.890015,1106.410034,-720456480
2009-12-18,1107.839966,1116.209961,1093.880005,1102.469971,2594566224
2009-12-25,1105.310059,1126.47998,1105.310059,1126.47998,-831851888
2010-01-01,1127.530029,1130.380005,1114.810059,1115.099976,-3323191888
2010-01-08,1116.560059,1145.390015,1116.560059,1144.97998,-359486480
2010-01-15,1145.959961,1150.410034,1131.390015,1136.030029,341393520
2010-01-22,1136.030029,1150.449951,1090.180054,1091.76001,1143493520
2010-01-29,1092.400024,1103.689941,1071.589966,1073.869995,3922833520
2010-02-05,1073.890015,1104.72998,1044.5,1066.189941,3936353520
2010-02-12,1065.51001,1080.040039,1056.51001,1075.51001,542243520
2010-02-19,1079.130005,1112.420044,1079.130005,1109.170044,-1016969184
2010-02-26,1110.0,1112.290039,1086.02002,1104.48999,-504666480
2010-03-05,1105.359985,1139.380005,1105.359985,1138.699951,-1463186480
2010-03-12,1138.400024,1153.410034,1134.900024,1149.98999,2551753520
2010-03-19,1148.530029,1169.839966,1141.449951,1159.900024,1469163520
2010-03-26,1157.25,1180.689941,1152.880005,1166.589966,2281553520
2010-04-02,1167.709961,1181.430054,1165.77002,1178.099976,-228079184
2010-04-09,1178.709961,1194.660034,1175.119995,1194.369995,832933520
2010-04-16,1194.939941,1213.920044,1186.77002,1192.130005,4104706224
2010-04-23,1192.060059,1217.280029,1183.680054,1217.280029,3230676224
2010-04-30,1217.069946,1219.800049,1181.619995,1186.689941,5782476224
2010-05-07,1188.579956,1205.130005,1065.790039,1110.880005,-235275664
2010-05-14,1122.27002,1173.569946,1122.27002,1135.680054,3188946224
2010-05-21,1136.52002,1148.660034,1055.900024,1087.689941,2575488928
2010-05-28,1084.780029,1103.52002,1040.780029,1089.410034,1874536224
2010-06-04,1087.300049,1105.670044,1060.5,1064.880005,4294520816
2010-06-11,1065.839966,1092.25,1042.170044,1091.599976,5372733520
2010-06-18,1095.0,1121.01001,1089.030029,1117.51001,1711203520
2010-06-25,1122.790039,1131.22998,1067.890015,1076.76001,2023723520
2010-07-02,1077.5,1082.599976,1010.909973,1022.580017,4029623520
2010-07-09,1028.089966,1078.160034,1018.349976,1077.959961,497620816
2010-07-16,1077.22998,1099.459961,1063.319946,1064.880005,963483520
2010-07-23,1066.849976,1103.72998,1056.880005,1102.660034,1426593520
2010-07-30,1102.890015,1120.949951,1088.01001,1101.599976,-118236480
2010-08-06,1107.530029,1128.75,1107.170044,1121.640015,-1657536480
2010-08-13,1122.800049,1129.23999,1076.689941,1079.25,-1154316480
2010-08-20,1077.48999,1100.140015,1063.910034,1071.689941,-2587806480
2010-08-27,1073.359985,1081.579956,1039.699951,1064.589966,-1718196480
2010-09-03,1062.900024,1105.099976,1040.880005,1104.51001,-2882486480
2010-09-10,1102.599976,1110.880005,1091.150024,1109.550049,-4398919184
2010-09-17,1113.380005,1131.469971,1113.380005,1125.589966,-1612676480
2010-09-24,1126.569946,1148.900024,1122.790039,1148.670044,-2052226480
2010-10-01,1148.640015,1157.160034,1132.089966,1146.23999,-1287786480
2010-10-08,1144.959961,1167.72998,1131.869995,1165.150024,-1946756480
2010-10-15,1165.319946,1184.380005,1155.709961,1176.189941,770963520
2010-10-22,1176.829956,1189.430054,1159.709961,1183.079956,1406573520
2010-10-29,1184.73999,1196.140015,1171.699951,1183.26001,-892766480
2010-11-05,1185.709961,1227.079956,1177.650024,1225.849976,2518953520
2010-11-12,1223.23999,1226.839966,1194.079956,1199.209961,16473520
2010-11-19,1200.439941,1207.430054,1173.0,1199.72998,-587656480
2010-11-26,1198.069946,1198.939941,1176.910034,1189.400024,-64261888
2010-12-03,1189.079956,1225.569946,1173.640015,1224.709961,-261996480
2010-12-10,1223.869995,1240.400024,1219.5,1240.400024,-1594393776
2010-12-17,1242.52002,1246.72998,1232.849976,1243.910034,795383520
2010-12-24,1245.76001,1259.390015,1241.51001,1256.77002,-2056481888
2010-12-31,1254.660034,1262.599976,1251.47998,1257.640015,1865855408
2011-01-07,1257.619995,1278.170044,1257.619995,1271.5,2180383520
2011-01-14,1270.839966,1293.23999,1262.180054,1293.23999,-188266480
2011-01-21,1293.219971,1296.060059,1271.26001,1283.349976,2719470816
2011-01-28,1283.290039,1302.670044,1275.099976,1276.339966,1681813520
2011-02-04,1276.5,1311.0,1276.5,1310.869995,252023520
2011-02-11,1311.849976,1330.790039,1311.73999,1329.150024,-1364886480
2011-02-18,1328.72998,1344.069946,1324.609985,1343.01001,3999175408
2011-02-25,1338.910034,1338.910034,1294.26001,1319.880005,3417082704
2011-03-04,1321.609985,1332.280029,1302.579956,1321.150024,3432545408
2011-03-11,1322.719971,1327.680054,1291.98999,1304.280029,-805746480
2011-03-18,1301.189941,1301.189941,1249.050049,1279.209961,2430383520
2011-03-25,1281.650024,1319.180054,1281.650024,1313.800049,-1384726480
2011-04-01,1315.449951,1337.849976,1305.26001,1332.410034,-3177506480
2011-04-08,1333.560059,1339.459961,1322.939941,1328.170044,-1586666480
2011-04-15,1329.01001,1333.77002,1302.420044,1319.680054,-1773146480
2011-04-22,1313.349976,1337.48999,1294.699951,1337.380005,-1246309184
2011-04-29,1337.140015,1364.560059,1331.469971,1363.609985,437780816
2011-05-06,1365.209961,1370.579956,1329.170044,1340.199951,-1111116480
2011-05-13,1340.199951,1359.439941,1332.030029,1337.77002,-1935726480
2011-05-20,1334.77002,1346.819946,1318.51001,1333.27002,-1960456480
2011-05-27,1333.069946,1334.619995,1311.800049,1331.099976,-3879306480
2011-06-03,1331.099976,1345.199951,1297.900024,1300.160034,-975339184
2011-06-10,1300.26001,1300.26001,1268.280029,1270.97998,-2923036480
2011-06-17,1271.310059,1292.5,1258.069946,1271.5,-1008826480
2011-06-24,1271.5,1298.609985,1262.869995,1268.449951,-1586816480
2011-07-01,1268.439941,1341.01001,1267.530029,1339.670044,-1969296480
2011-07-08,1339.589966,1356.47998,1330.920044,1343.800049,-2229469184
2011-07-15,1343.310059,1343.310059,1306.51001,1316.140015,-706406480
2011-07-22,1315.939941,1347.0,1295.920044,1345.02002,-924396480
2011-07-29,1344.319946,1344.319946,1282.859985,1292.280029,-438866480
2011-08-05,1292.589966,1307.380005,1168.089966,1199.380005,571936224
2011-08-12,1198.47998,1198.47998,1101.540039,1178.810059,-2149526480
2011-08-19,1178.859985,1208.469971,1122.050049,1123.530029,660323520
2011-08-26,1123.550049,1190.680054,1121.089966,1176.800049,5073643520
2011-09-02,1177.910034,1230.709961,1170.560059,1173.969971,1775793520
2011-09-09,1173.969971,1204.400024,1140.130005,1154.22998,1416690816
2011-09-16,1153.5,1220.060059,1136.069946,1216.01001,3090443520
2011-09-23,1214.98999,1220.390015,1114.219971,1136.430054,-128383776
2011-09-30,1136.910034,1195.859985,1131.069946,1131.420044,3326573520
2011-10-07,1131.209961,1171.400024,1074.77002,1155.459961,1099503520
2011-10-14,1158.150024,1224.609985,1158.150024,1224.579956,1304783520
2011-10-21,1224.469971,1239.030029,1191.47998,1238.25,2363483520
2011-10-28,1238.719971,1292.660034,1221.060059,1285.089966,3086343520
2011-11-04,1284.959961,1284.959961,1215.420044,1253.22998,1271233520
2011-11-11,1253.209961,1277.550049,1226.640015,1263.849976,-2103926480
2011-11-18,1263.849976,1264.25,1209.430054,1215.650024,-2146786480
2011-11-25,1215.619995,1215.619995,1158.660034,1158.670044,540018112
2011-12-02,1158.670044,1260.079956,1158.670044,1244.280029,203463520
2011-12-09,1244.329956,1267.060059,1231.469971,1255.189941,-1303026480
2011-12-16,1255.050049,1255.050049,1209.469971,1219.660034,-298266480
2011-12-23,1219.73999,1265.420044,1202.369995,1265.329956,-5074326480
2011-12-30,1265.02002,1269.369995,1248.640015,1257.599976,-3854351888
2012-01-06,1258.859985,1284.619995,1258.859985,1277.810059,-1670799184
2012-01-13,1277.829956,1296.819946,1274.550049,1289.089966,-2200896480
2012-01-20,1290.219971,1315.48999,1290.219971,1315.380005,-694709184
2012-01-27,1315.290039,1333.469971,1306.060059,1316.329956,-1070006480
2012-02-03,1316.160034,1345.339966,1300.48999,1344.900024,-346446480
2012-02-10,1344.319946,1354.319946,1335.920044,1342.640015,-2168476480
2012-02-17,1343.060059,1363.400024,1340.800049,1361.22998,-2060416480
2012-02-24,1361.219971,1368.920044,1352.280029,1365.73999,-2459149184
2012-03-02,1365.199951,1378.040039,1354.920044,1369.630005,-2561726480
2012-03-09,1369.589966,1374.76001,1340.030029,1370.869995,-3091386480
2012-03-16,1370.780029,1405.880005,1366.689941,1404.170044,-68616480
2012-03-23,1404.170044,1414.0,1386.869995,1397.109985,-3059856480
2012-03-30,1397.109985,1419.150024,1391.560059,1408.469971,-2982556480
2012-04-06,1408.469971,1422.380005,1392.920044,1398.079956,-2543739184
2012-04-13,1397.449951,1397.449951,1357.380005,1370.26001,-2381646480
2012-04-20,1370.27002,1392.76001,1365.380005,1378.530029,-2967376480
2012-04-27,1378.530029,1406.640015,1358.790039,1403.359985,-2523916480
2012-05-04,1403.26001,1415.319946,1367.959961,1369.099976,-2308966480
2012-05-11,1368.790039,1373.910034,1343.130005,1353.390015,-1768176480
2012-05-18,1351.930054,1351.930054,1291.97998,1295.219971,-215506480
2012-05-25,1295.72998,1328.48999,1295.72998,1317.819946,-2645746480
2012-06-01,1318.900024,1334.930054,1277.25,1278.040039,-976969184
2012-06-08,1278.290039,1329.050049,1266.73999,1325.660034,-2035956480
2012-06-15,1325.719971,1343.319946,1306.619995,1342.839966,-2898586480
2012-06-22,1342.420044,1363.459961,1324.410034,1335.02002,-1338396480
2012-06-29,1334.900024,1362.170044,1309.27002,1362.160034,-2713316480
2012-07-06,1362.329956,1374.810059,1348.030029,1354.680054,-1680201888
2012-07-13,1354.660034,1361.540039,1325.410034,1356.780029,-4805716480
2012-07-20,1356.5,1380.390015,1345.069946,1362.660034,-3434426480
2012-07-27,1362.339966,1389.189941,1329.23999,1385.969971,-1318886480
2012-08-03,1385.939941,1394.160034,1354.650024,1390.98999,-2055376480
2012-08-10,1391.040039,1407.140015,1391.040039,1405.869995,-5560916480
2012-08-17,1405.869995,1418.709961,1397.319946,1418.160034,-7351106480
2012-08-24,1417.849976,1426.680054,1398.040039,1411.130005,-6755846480
2012-08-31,1411.130005,1416.170044,1397.01001,1406.579956,-8333496480
2012-09-07,1406.540039,1437.920044,1396.560059,1437.920044,-2919959184
2012-09-14,1437.920044,1474.51001,1428.97998,1465.77002,-1451796480
2012-09-21,1465.420044,1467.069946,1449.97998,1460.150024,-2947266480
2012-09-28,1459.76001,1463.23999,1430.530029,1440.670044,-4501076480
2012-10-05,1440.900024,1470.959961,1439.01001,1460.930054,-4327526480
2012-10-12,1460.930054,1460.930054,1425.530029,1428.589966,-5897446480
2012-10-19,1428.75,1464.02002,1427.23999,1433.189941,-3011736480
2012-10-26,1433.209961,1435.459961,1403.280029,1411.939941,-4487426480
2012-11-02,1410.98999,1434.27002,1405.949951,1414.199951,-1645421888
2012-11-09,1414.02002,1433.380005,1373.030029,1379.849976,-3463466480
2012-11-16,1379.859985,1388.810059,1343.349976,1359.880005,-3367456480
2012-11-23,1359.880005,1409.160034,1359.880005,1409.150024,-2130891888
2012-11-30,1409.150024,1419.699951,1385.430054,1416.180054,-4520656480
2012-12-07,1416.339966,1423.72998,1398.22998,1418.069946,-4544066480
2012-12-14,1418.069946,1438.589966,1411.880005,1413.579956,-4555996480
2012-12-21,1413.540039,1448.0,1413.540039,1430.150024,-931446480
2012-12-28,1430.150024,1430.150024,1401.579956,1402.430054,-4094051888
2013-01-04,1402.430054,1467.939941,1398.109985,1466.469971,-2518919184
2013-01-11,1466.469971,1472.75,1451.640015,1472.050049,-3471386480
2013-01-18,1472.050049,1485.97998,1463.76001,1485.97998,-4449946480
2013-01-25,1485.97998,1503.26001,1481.160034,1502.959961,-2881189184
2013-02-01,1502.959961,1514.410034,1496.329956,1513.170044,-2573646480
2013-02-08,1513.170044,1518.310059,1495.02002,1517.930054,-4254176480
2013-02-15,1517.930054,1524.689941,1513.609985,1519.790039,-4392236480
2013-02-22,1519.790039,1530.939941,1497.290039,1515.599976,-1496469184
2013-03-01,1515.599976,1525.839966,1485.01001,1518.199951,-2328726480
2013-03-08,1518.199951,1552.47998,1512.290039,1551.180054,-3485856480
2013-03-15,1551.150024,1563.619995,1547.359985,1560.699951,-3399906480
2013-03-22,1560.699951,1561.560059,1538.569946,1556.890015,-4973326480
2013-03-29,1556.890015,1570.280029,1546.219971,1569.189941,-4913789184
2013-04-05,1569.180054,1573.660034,1539.5,1553.280029,-4482876480
2013-04-12,1553.26001,1597.349976,1548.630005,1588.849976,-5281346480
2013-04-19,1588.839966,1588.839966,1536.030029,1555.25,-1449026480
2013-04-26,1555.25,1592.640015,1548.189941,1582.23999,-4224366480
2013-05-03,1582.339966,1618.459961,1581.280029,1614.420044,-4337386480
2013-05-10,1614.400024,1635.01001,1614.209961,1633.699951,-5004446480
2013-05-17,1632.099976,1667.469971,1626.73999,1667.469971,-4495166480
2013-05-24,1665.709961,1687.180054,1635.530029,1649.599976,-3621586480
2013-05-31,1652.630005,1674.209961,1630.73999,1630.73999,-2537109184
2013-06-07,1631.709961,1646.530029,1598.22998,1643.380005,-3317206480
2013-06-14,1644.670044,1648.689941,1608.069946,1626.72998,-5539826480
2013-06-21,1630.640015,1654.189941,1577.699951,1592.430054,-1015586480
2013-06-28,1588.77002,1620.069946,1560.329956,1606.280029,-1079936480
2013-07-05,1609.780029,1632.069946,1604.569946,1631.890015,-1862891888
2013-07-12,1634.199951,1680.189941,1634.199951,1680.189941,-5308466480
2013-07-19,1679.589966,1693.119995,1671.839966,1692.089966,-5861536480
2013-07-26,1694.410034,1698.780029,1676.030029,1691.650024,-6178136480
2013-08-02,1690.319946,1709.670044,1681.859985,1709.670044,-4554596480
2013-08-09,1708.01001,1709.23999,1684.910034,1691.420044,-6564766480
2013-08-16,1688.369995,1696.810059,1652.609985,1655.829956,-6140546480
2013-08-23,1655.25,1664.849976,1639.430054,1663.5,-7523906480
2013-08-30,1664.290039,1669.51001,1627.469971,1632.969971,-7779116480
2013-09-06,1635.949951,1664.829956,1633.410034,1655.170044,-4055119184
2013-09-13,1656.849976,1689.969971,1656.849976,1687.98999,-5702006480
2013-09-20,1691.699951,1729.859985,1691.699951,1709.910034,-2816876480
2013-09-27,1711.439941,1711.439941,1687.109985,1691.75,-6164596480
2013-10-04,1687.26001,1696.550049,1670.359985,1690.5,-5618996480
2013-10-11,1687.150024,1703.439941,1646.469971,1703.199951,-5342306480
2013-10-18,1699.859985,1745.310059,1692.130005,1744.5,-4961856480
2013-10-25,1745.199951,1759.819946,1740.5,1759.77002,-4010486480
2013-11-01,1759.420044,1775.219971,1752.699951,1761.640015,-3798216480
2013-11-08,1763.400024,1774.540039,1746.199951,1770.609985,-3460816480
2013-11-15,1769.959961,1798.219971,1760.640015,1798.180054,-5998386480
2013-11-22,1798.819946,1804.839966,1777.22998,1804.76001,-5660956480
2013-11-29,1806.329956,1813.550049,1800.579956,1805.810059,-2247351888
2013-12-06,1806.550049,1810.02002,1779.089966,1805.089966,-4806276480
2013-12-13,1806.209961,1811.52002,1772.280029,1775.319946,-5388236480
2013-12-20,1777.47998,1823.75,1767.98999,1818.319946,-2072236480
2013-12-27,1822.920044,1844.890015,1822.920044,1841.400024,3899392704
2014-01-03,1841.469971,1849.439941,1827.73999,1831.369995,-6718299184
2014-01-10,1832.310059,1843.22998,1823.72998,1842.369995,-4099236480
2014-01-17,1841.26001,1850.839966,1815.52002,1838.699951,-3634986480
2014-01-24,1841.050049,1849.310059,1790.290039,1790.290039,-1432529184
2014-01-31,1791.030029,1798.77002,1770.449951,1782.589966,-2420586480
2014-02-07,1782.680054,1798.030029,1737.920044,1797.02002,-1094696480
2014-02-14,1796.199951,1841.650024,1791.829956,1838.630005,-4732656480
2014-02-21,1839.030029,1847.5,1824.579956,1836.25,-3288329184
2014-02-28,1836.780029,1867.920044,1836.780029,1859.449951,-2763106480
2014-03-07,1857.680054,1883.569946,1834.439941,1878.040039,-3962666480
2014-03-14,1877.859985,1882.349976,1839.569946,1841.130005,-4833776480
2014-03-21,1842.810059,1883.969971,1842.810059,1866.52002,-3796696480
2014-03-28,1867.670044,1875.920044,1842.109985,1857.619995,-4695476480
2014-04-04,1859.160034,1897.280029,1859.160034,1865.089966,-5093336480
2014-04-11,1863.920044,1872.530029,1814.359985,1815.689941,-3140956480
2014-04-18,1818.180054,1869.630005,1815.800049,1864.849976,-3835379184
2014-04-25,1865.790039,1884.890015,1859.699951,1863.400024,-6126326480
2014-05-02,1865.0,1891.329956,1850.609985,1881.140015,-3436806480
2014-05-09,1879.449951,1889.069946,1859.790039,1878.47998,-5362456480
2014-05-16,1880.030029,1902.170044,1862.359985,1877.859985,-6005066480
2014-05-23,1876.660034,1901.26001,1868.140015,1900.530029,-7869666480
2014-05-30,1902.01001,1924.030029,1902.01001,1923.569946,-5319859184
2014-06-06,1923.869995,1949.439941,1915.97998,1949.439941,-7327146480
2014-06-13,1948.969971,1955.550049,1925.780029,1936.160034,-7610966480
2014-06-20,1934.839966,1963.910034,1930.910034,1962.869995,-5223836480
2014-06-27,1962.920044,1968.170044,1944.689941,1960.959961,-5491366480
2014-07-04,1960.790039,1985.589966,1958.219971,1985.439941,-1809741888
2014-07-11,1984.219971,1984.219971,1952.859985,1967.569946,-6782026480
2014-07-18,1969.859985,1983.939941,1955.589966,1978.219971,-5522486480
2014-07-25,1976.930054,1991.390015,1965.77002,1978.339966,-7260986480
2014-08-01,1978.25,1984.849976,1916.369995,1925.150024,-4057306480
2014-08-08,1926.619995,1942.920044,1904.780029,1931.589966,-5267446480
2014-08-15,1933.430054,1964.040039,1928.290039,1955.060059,-7727386480
2014-08-22,1958.359985,1994.76001,1958.359985,1988.400024,-8659906480
2014-08-29,1991.73999,2005.040039,1990.52002,2003.369995,-9903126480
2014-09-05,2004.069946,2011.170044,1990.099976,2007.709961,-5659199184
2014-09-12,2007.170044,2007.170044,1980.26001,1985.540039,-6742226480
2014-09-19,1986.040039,2019.26001,1978.47998,2010.400024,-4213016480
2014-09-26,2009.079956,2009.079956,1965.98999,1982.849976,-5329476480
2014-10-03,1978.959961,1985.170044,1926.030029,1967.900024,-2667226480
2014-10-10,1970.01001,1977.839966,1906.050049,1906.130005,-1092296480
2014-10-17,1905.650024,1912.089966,1820.660034,1886.76001,3335823520
2014-10-24,1885.619995,1965.27002,1882.300049,1964.579956,-3526976480
2014-10-31,1962.969971,2018.189941,1951.369995,2018.050049,-2663926480
2014-11-07,2018.209961,2034.26001,2001.01001,2031.920044,-2822496480
2014-11-14,2032.01001,2046.180054,2030.170044,2039.819946,-5302526480
2014-11-21,2038.290039,2071.459961,2034.459961,2063.5,-4470196480
2014-11-28,2065.070068,2075.76001,2064.75,2067.560059,-5408969184
2014-12-05,2065.780029,2079.469971,2049.570068,2075.370117,-3188536480
2014-12-12,2074.840088,2075.780029,2002.329956,2002.329956,-1513656480
2014-12-19,2005.030029,2077.850098,1972.560059,2070.649902,-337853776
2014-12-26,2069.280029,2092.699951,2069.280029,2088.77002,975745408
2015-01-02,2087.629883,2093.550049,2046.040039,2058.199951,-6972459184
2015-01-09,2054.439941,2064.429932,1992.439941,2044.810059,-2111976480
2015-01-16,2046.130005,2056.929932,1988.119995,2019.420044,-1199266480
2015-01-23,2020.76001,2064.620117,2004.48999,2051.820068,-1755849184
2015-01-30,2050.419922,2057.620117,1989.180054,1994.98999,-1915946480
2015-02-06,1996.670044,2072.399902,1980.900024,2055.469971,-653726480
2015-02-13,2053.469971,2097.030029,2041.880005,2096.98999,-3342786480
2015-02-20,2096.469971,2110.610107,2085.439941,2110.300049,-3919399184
2015-02-27,2109.830078,2119.590088,2103.0,2104.5,-4912906480
2015-03-06,2105.22998,2117.52002,2067.27002,2071.26001,-4425336480
2015-03-13,2072.25,2083.48999,2039.689941,2053.399902,-4145856480
2015-03-20,2055.350098,2113.919922,2055.350098,2108.100098,-1969846480
2015-03-27,2107.98999,2114.860107,2045.5,2061.02002,-4976696480
2015-04-03,2064.110107,2088.969971,2048.379883,2066.959961,-4246399184
2015-04-10,2064.870117,2102.610107,2056.52002,2102.060059,-5512466480
2015-04-17,2102.030029,2111.909912,2072.370117,2081.179932,-4189666480
2015-04-24,2084.110107,2120.919922,2084.110107,2117.689941,-4870336480
2015-05-01,2119.290039,2125.919922,2077.590088,2108.290039,-2525776480
2015-05-08,2110.22998,2120.949951,2067.929932,2116.100098,-3721016480
2015-05-15,2115.560059,2123.889893,2085.570068,2122.72998,-5650566480
2015-05-22,2121.300049,2134.719971,2120.01001,2126.060059,-6622416480
2015-05-29,2125.340088,2126.219971,2099.179932,2107.389893,-3802039184
2015-06-05,2108.639893,2121.919922,2085.669922,2092.830078,-5870056480
2015-06-12,2092.340088,2115.02002,2072.139893,2094.110107,-6260786480
2015-06-19,2091.340088,2126.649902,2072.48999,2109.98999,-4300956480
2015-06-26,2112.5,2129.870117,2095.379883,2101.48999,-4011066480
2015-07-03,2098.629883,2098.629883,2056.320068,2076.780029,-2698569184
2015-07-10,2073.949951,2083.73999,2044.02002,2076.620117,-3409156480
2015-07-17,2080.030029,2128.909912,2080.030029,2126.639893,-5524346480
2015-07-24,2126.850098,2132.820068,2077.090088,2079.649902,-3548356480
2015-07-31,2078.189941,2114.23999,2063.52002,2103.840088,-2220696480
2015-08-07,2104.48999,2112.659912,2067.909912,2077.570068,-2633786480
2015-08-14,2080.97998,2105.350098,2052.090088,2091.540039,-3965476480
2015-08-21,2089.699951,2103.469971,1970.890015,1970.890015,-3203526480
2015-08-28,1965.150024,1993.47998,1867.01001,1988.869995,320166224
2015-09-04,1986.72998,1986.72998,1903.069946,1921.219971,-2757476480
2015-09-11,1927.300049,1988.630005,1927.300049,1961.050049,-3134189184
2015-09-18,1963.060059,2020.859985,1948.27002,1958.030029,-1399066480
2015-09-25,1960.839966,1979.640015,1908.920044,1931.339966,-3393296480
2015-10-02,1929.180054,1951.359985,1871.910034,1951.359985,-128546480
2015-10-09,1954.329956,2020.130005,1954.329956,2014.890015,-625436480
2015-10-16,2015.650024,2033.540039,1990.72998,2033.109985,-4193356480
2015-10-23,2031.72998,2079.73999,2017.219971,2075.149902,-2688916480
2015-10-30,2075.080078,2094.320068,2058.840088,2079.360107,-908906480
2015-11-06,2080.76001,2116.47998,2080.76001,2099.199951,-942976480
2015-11-13,2096.560059,2096.560059,2022.02002,2023.040039,-1783516480
2015-11-20,2022.079956,2097.060059,2019.390015,2089.169922,-1822146480
2015-11-27,2089.409912,2095.610107,2070.290039,2090.110107,-1092211888
2015-12-04,2090.949951,2104.27002,2042.349976,2091.689941,-1015646480
2015-12-11,2090.419922,2090.419922,2008.800049,2012.369995,-855986480
2015-12-18,2013.369995,2076.719971,1993.26001,2005.550049,-1157913776
2015-12-25,2010.27002,2067.360107,2005.930054,2060.98999,-707811888
2016-01-01,2057.77002,2081.560059,2043.619995,2043.939941,-7122599184
2016-01-08,2038.199951,2038.199951,1918.459961,1922.030029,614853520
2016-01-15,1926.119995,1950.329956,1857.829956,1880.329956,3816313520
2016-01-22,1888.660034,1908.849976,1812.290039,1906.900024,4145120816
2016-01-29,1906.280029,1940.23999,1872.699951,1940.23999,2229103520
2016-02-05,1936.939941,1947.199951,1872.22998,1880.050049,2607093520
2016-02-12,1873.25,1881.599976,1810.099976,1864.780029,4013733520
2016-02-19,1871.439941,1930.680054,1871.439941,1917.780029,981680816
2016-02-26,1924.439941,1962.959961,1891.0,1948.050049,-745506480
2016-03-04,1947.130005,2009.130005,1931.810059,1999.98999,3731333520
2016-03-11,1996.109985,2022.369995,1969.25,2022.189941,628523520
2016-03-18,2019.27002,2052.360107,2005.22998,2049.580078,-3631033776
2016-03-25,2047.880005,2056.600098,2022.48999,2035.939941,-3337579184
2016-04-01,2037.890015,2075.070068,2028.310059,2072.780029,-3787836480
2016-04-08,2073.189941,2074.02002,2033.800049,2047.599976,-2922626480
2016-04-15,2050.22998,2087.840088,2039.73999,2080.72998,-2008106480
2016-04-22,2078.830078,2111.050049,2073.649902,2091.580078,-2110376480
2016-04-29,2089.370117,2099.889893,2052.280029,2065.300049,-1483236480
2016-05-06,2067.169922,2083.419922,2039.449951,2057.139893,-1596896480
2016-05-13,2057.550049,2084.870117,2043.130005,2046.609985,-2901766480
2016-05-20,2046.530029,2071.879883,2025.910034,2052.320068,-2408776480
2016-05-27,2052.22998,2099.060059,2047.26001,2099.060059,-4622716480
2016-06-03,2100.129883,2105.26001,2085.100098,2099.129883,-1879789184
2016-06-10,2100.830078,2120.550049,2089.959961,2096.070068,-4130696480
2016-06-17,2091.75,2098.120117,2050.370117,2071.219971,-2197406480
2016-06-24,2075.580078,2113.320068,2032.569946,2037.410034,-5005933776
2016-07-01,2031.449951,2108.709961,1991.680054,2102.949951,665643520
2016-07-08,2095.050049,2131.709961,2074.02002,2129.899902,-2400059184
2016-07-15,2131.719971,2169.050049,2131.719971,2161.73999,-4033146480
2016-07-22,2162.040039,2175.629883,2159.01001,2175.030029,-5823146480
2016-07-29,2173.709961,2177.090088,2159.070068,2173.600098,-3276666480
2016-08-05,2173.149902,2182.870117,2147.580078,2182.870117,-2961296480
2016-08-12,2183.76001,2188.449951,2172.0,2184.050049,-5134216480
2016-08-19,2186.080078,2193.810059,2168.5,2183.870117,-5425626480
2016-08-26,2181.580078,2193.419922,2160.389893,2169.040039,-6195866480
2016-09-02,2170.189941,2184.870117,2157.090088,2179.97998,-5563626480
2016-09-09,2181.610107,2187.870117,2127.810059,2127.810059,-2450999184
2016-09-16,2120.860107,2163.300049,2119.120117,2139.159912,-1270506480
2016-09-23,2143.98999,2179.98999,2135.909912,2164.689941,-4716466480
2016-09-30,2158.540039,2175.300049,2141.550049,2168.27002,-2626026480
2016-10-07,2164.330078,2165.860107,2144.01001,2153.73999,-3744366480
2016-10-14,2160.389893,2169.600098,2114.719971,2132.97998,-5514356480
2016-10-21,2132.949951,2148.439941,2124.429932,2141.159912,-5308756480
2016-10-28,2148.5,2154.790039,2119.360107,2126.409912,-2342896480
2016-11-04,2129.780029,2133.25,2083.790039,2085.179932,-985956480
2016-11-11,2100.590088,2182.300049,2100.590088,2164.449951,-388203776
2016-11-18,2165.639893,2189.889893,2156.080078,2181.899902,-312526480
2016-11-25,2186.429932,2213.350098,2186.429932,2213.350098,-308441888
2016-12-02,2210.209961,2214.100098,2187.439941,2191.949951,137693520
2016-12-09,2200.649902,2259.800049,2199.969971,2259.530029,-1125216480
2016-12-16,2258.830078,2277.530029,2248.439941,2258.070068,951653520
2016-12-23,2259.23999,2272.560059,2256.080078,2263.790039,-2863999184
2016-12-30,2266.22998,2273.820068,2233.620117,2238.830078,-3482171888
2017-01-06,2251.570068,2282.100098,2245.129883,2276.97998,-2510809184
2017-01-13,2273.590088,2279.27002,2254.25,2274.639893,-4432566480
2017-01-20,2269.139893,2276.959961,2258.409912,2271.310059,-3570009184
2017-01-27,2267.780029,2300.98999,2257.02002,2294.689941,-3904376480
2017-02-03,2286.01001,2298.310059,2267.209961,2297.419922,-2455146480
2017-02-10,2294.280029,2319.22998,2285.379883,2316.100098,-4119836480
2017-02-17,2321.719971,2351.310059,2321.419922,2351.159912,-3615826480
2017-02-24,2354.909912,2368.26001,2352.870117,2367.340088,-2264999184
2017-03-03,2365.22998,2400.97998,2358.959961,2383.120117,-1949366480
2017-03-10,2375.22998,2378.800049,2354.540039,2372.600098,-3729806480
2017-03-17,2371.560059,2390.01001,2358.179932,2378.25,-2676236480
2017-03-24,2378.23999,2381.929932,2335.73999,2343.97998,-4318296480
2017-03-31,2329.110107,2370.419922,2322.25,2362.719971,-5239326480
2017-04-07,2362.340088,2378.360107,2344.72998,2355.540039,-4809166480
2017-04-14,2357.159912,2366.370117,2328.949951,2328.949951,-4918719184
2017-04-21,2332.620117,2361.370117,2332.51001,2348.689941,-4681426480
2017-04-28,2370.330078,2398.159912,2369.189941,2384.199951,-1825206480
2017-05-05,2388.5,2399.290039,2379.75,2399.290039,-2604116480
2017-05-12,2399.939941,2403.870117,2381.73999,2390.899902,-3705306480
2017-05-19,2393.97998,2405.77002,2352.719971,2381.72998,-2247046480
2017-05-26,2387.209961,2418.709961,2386.919922,2415.820068,-5347316480
2017-06-02,2411.669922,2440.22998,2403.590088,2439.070068,-2129849184
2017-06-09,2437.830078,2446.199951,2415.699951,2431.77002,-3839306480
2017-06-16,2425.879883,2443.75,2418.530029,2433.149902,-1934756480
2017-06-23,2442.550049,2453.820068,2430.73999,2438.300049,-2421756480
2017-06-30,2443.320068,2450.419922,2405.699951,2423.409912,-3950836480
2017-07-07,2431.389893,2439.169922,2407.699951,2425.179932,-1317171888
2017-07-14,2424.51001,2463.540039,2412.790039,2459.27002,-6372286480
2017-07-21,2459.5,2477.620117,2450.340088,2472.540039,-6345656480
2017-07-28,2472.040039,2484.040039,2459.929932,2472.100098,-3402136480
2017-08-04,2475.939941,2480.379883,2466.47998,2476.830078,-4139106480
2017-08-11,2477.139893,2490.870117,2437.75,2441.320068,-5083616480
2017-08-18,2454.959961,2474.929932,2420.689941,2425.550049,-6179596480
2017-08-25,2425.5,2454.77002,2417.350098,2443.050049,-7650216480
2017-09-01,2447.350098,2480.379883,2428.199951,2476.550049,-7348036480
2017-09-08,2470.350098,2471.969971,2446.550049,2461.429932,-3603339184
2017-09-15,2474.52002,2500.22998,2474.52002,2500.22998,-3290286480
2017-09-22,2502.51001,2508.850098,2496.540039,2502.219971,-5588236480
2017-09-29,2499.389893,2519.439941,2488.030029,2519.360107,-5211176480
2017-10-06,2521.199951,2552.51001,2520.399902,2549.330078,-6196216480
2017-10-13,2551.389893,2557.649902,2541.600098,2553.169922,-6726216480
2017-10-20,2555.570068,2575.439941,2547.919922,2575.209961,-6241626480
2017-10-27,2578.080078,2582.97998,2544.0,2581.070068,-3151386480
2017-11-03,2577.75,2588.419922,2566.169922,2587.840088,-2510136480
2017-11-10,2587.469971,2597.02002,2566.330078,2582.300049,-2885386480
2017-11-17,2576.530029,2590.090088,2557.449951,2578.850098,-4199936480
2017-11-24,2579.48999,2604.209961,2578.23999,2602.419922,-2359731888
2017-12-01,2602.659912,2657.73999,2598.870117,2642.219971,-1956516480
2017-12-08,2657.189941,2665.189941,2624.75,2651.5,-4224536480
2017-12-15,2652.189941,2679.629883,2651.469971,2675.810059,-2016416480
2017-12-22,2685.919922,2694.969971,2676.110107,2683.340088,-5398996480
2017-12-29,2679.090088,2692.120117,2673.610107,2673.610107,-4088691888
2018-01-05,2683.72998,2743.449951,2682.360107,2743.149902,-3301789184
2018-01-12,2742.669922,2787.850098,2736.060059,2786.23999,-3948406480
2018-01-19,2798.959961,2810.330078,2768.639893,2810.300049,-1599119184
2018-01-26,2809.159912,2872.870117,2808.120117,2872.870117,-3017166480
2018-02-02,2867.22998,2870.620117,2759.969971,2762.129883,-1281476480
2018-02-09,2741.060059,2763.389893,2532.689941,2619.550049,5423603520
2018-02-16,2636.75,2754.419922,2622.449951,2732.219971,-2547076480
2018-02-23,2722.98999,2747.76001,2697.77002,2747.300049,-2822929184
2018-03-02,2757.370117,2789.149902,2647.320068,2691.25,-1635866480
2018-03-09,2681.060059,2786.570068,2675.75,2786.570068,-4362566480
2018-03-16,2790.540039,2801.899902,2741.469971,2752.01001,-2566106480
2018-03-23,2741.379883,2741.379883,2585.889893,2588.26001,-3845166480
2018-03-30,2619.350098,2674.780029,2593.060059,2640.870117,-2432389184
2018-04-06,2633.449951,2672.080078,2553.800049,2604.469971,-4531166480
2018-04-13,2617.179932,2680.26001,2610.790039,2656.300049,-5731176480
2018-04-20,2670.100098,2717.48999,2660.610107,2670.139893,-4952496480
2018-04-27,2675.399902,2683.550049,2612.669922,2669.909912,-4239316480
2018-05-04,2682.51001,2682.870117,2594.620117,2663.419922,-2912696480
2018-05-11,2680.340088,2732.860107,2655.199951,2727.719971,-4293786480
2018-05-18,2738.469971,2742.100098,2701.909912,2712.969971,-5079386480
2018-05-25,2735.389893,2742.23999,2707.379883,2721.330078,-5403046480
2018-06-01,2705.110107,2736.929932,2676.810059,2734.620117,-1934659184
2018-06-08,2741.669922,2779.899902,2739.51001,2779.030029,-3997486480
2018-06-15,2780.179932,2791.469971,2761.72998,2779.659912,-1963316480
2018-06-22,2765.790039,2774.98999,2743.189941,2754.879883,-2350726480
2018-06-29,2742.939941,2746.090088,2691.98999,2718.370117,-3390766480
2018-07-06,2704.949951,2764.409912,2698.949951,2759.820068,-2307991888
2018-07-13,2775.620117,2804.530029,2770.72998,2801.310059,-6884436480
2018-07-20,2797.360107,2816.76001,2789.23999,2801.830078,-5956886480
2018-07-27,2799.169922,2848.030029,2795.139893,2818.820068,-4429876480
2018-08-03,2819.0,2840.379883,2796.340088,2840.350098,-4260336480
2018-08-10,2840.290039,2863.429932,2825.810059,2833.280029,-6100536480
2018-08-17,2835.459961,2855.629883,2802.48999,2850.129883,-5388386480
2018-08-24,2853.929932,2876.159912,2850.620117,2874.689941,-7514966480
2018-08-31,2884.689941,2916.5,2884.689941,2901.52002,-7418806480
2018-09-07,2896.959961,2900.179932,2864.120117,2871.679932,-4722849184
2018-09-14,2881.389893,2908.300049,2866.780029,2904.97998,-6024456480
2018-09-21,2903.830078,2940.909912,2886.159912,2929.669922,-3054216480
2018-09-28,2921.830078,2931.149902,2903.280029,2913.97998,-4771346480
2018-10-05,2926.290039,2939.860107,2869.290039,2885.570068,-4189626480
2018-10-12,2877.530029,2894.830078,2710.51001,2767.129883,-1068966480
2018-10-19,2763.830078,2816.939941,2749.030029,2767.780029,-4107086480
2018-10-26,2773.939941,2778.939941,2628.159912,2658.689941,437073520
2018-11-02,2682.649902,2756.550049,2603.540039,2723.060059,2476883520
2018-11-09,2726.370117,2815.149902,2717.939941,2781.01001,-2648466480
2018-11-16,2773.929932,2775.98999,2670.75,2736.27002,-1009456480
2018-11-23,2730.73999,2733.159912,2631.090088,2632.560059,181938112
2018-11-30,2649.969971,2760.879883,2649.969971,2760.169922,-2204886480
2018-12-07,2790.5,2800.179932,2621.530029,2633.080078,980090816
2018-12-14,2630.860107,2685.439941,2583.22998,2599.949951,-1276506480
2018-12-21,2590.75,2601.129883,2408.550049,2416.620117,1841306224
2018-12-28,2400.560059,2520.27002,2346.580078,2485.73999,-2449009184
2019-01-04,2498.939941,2538.070068,2443.959961,2531.939941,-1891819184
2019-01-11,2535.610107,2597.820068,2524.560059,2596.26001,-1964156480
2019-01-18,2580.310059,2675.469971,2570.409912,2670.709961,-2490686480
2019-01-25,2657.879883,2672.379883,2612.860107,2664.76001,-2626919184
2019-02-01,2644.969971,2716.659912,2624.060059,2706.530029,-1706386480
2019-02-08,2706.48999,2738.97998,2681.830078,2707.879883,-3257626480
2019-02-15,2712.399902,2775.659912,2703.790039,2775.600098,-3057506480
2019-02-22,2769.280029,2794.199951,2764.550049,2792.669922,-2712159184
2019-03-01,2804.350098,2813.48999,2775.129883,2803.689941,-1725856480
2019-03-08,2814.370117,2816.879883,2722.27002,2743.070068,-2737096480
2019-03-15,2747.610107,2830.72998,2747.610107,2822.47998,-1019946480
2019-03-22,2822.610107,2860.310059,2800.469971,2800.709961,-2557816480
2019-03-29,2796.01001,2836.030029,2785.02002,2834.399902,-4419776480
2019-04-05,2848.629883,2893.23999,2848.629883,2892.73999,-4882826480
2019-04-12,2888.459961,2910.540039,2873.330078,2907.409912,-5596966480
2019-04-19,2908.320068,2918.0,2891.899902,2905.030029,-3507019184
2019-04-26,2898.780029,2939.879883,2896.350098,2939.879883,-4617346480
2019-05-03,2940.580078,2954.129883,2900.5,2945.639893,-3555886480
2019-05-10,2908.889893,2937.320068,2825.389893,2881.399902,-3709576480
2019-05-17,2840.189941,2892.149902,2801.429932,2859.530029,-4424296480
2019-05-24,2841.939941,2868.879883,2805.48999,2826.060059,-4975486480
2019-05-31,2830.030029,2840.51001,2750.52002,2752.060059,-2073079184
2019-06-07,2751.530029,2884.969971,2728.810059,2873.340088,-3448066480
2019-06-14,2885.830078,2910.610107,2874.679932,2886.97998,-5580626480
2019-06-21,2889.75,2964.149902,2887.300049,2950.459961,-2958076480
2019-06-28,2951.419922,2954.919922,2912.98999,2941.76001,-2661946480
2019-07-05,2971.409912,2995.840088,2952.219971,2990.409912,-1737301888
2019-07-12,2979.77002,3013.919922,2963.439941,3013.77002,-6221496480
2019-07-19,3017.800049,3017.800049,2973.090088,2976.610107,-5460346480
2019-07-26,2981.929932,3027.97998,2976.649902,3025.860107,-4774386480
2019-08-02,3024.469971,3025.610107,2914.110107,2932.050049,-1314626480
2019-08-09,2898.070068,2938.719971,2822.120117,2918.649902,-787246480
2019-08-16,2907.070068,2943.310059,2825.51001,2888.679932,-2398126480
2019-08-23,2913.47998,2939.080078,2834.969971,2847.110107,-5333356480
2019-08-30,2866.699951,2940.429932,2853.050049,2926.459961,-5788016480
2019-09-06,2909.01001,2985.860107,2891.850098,2978.709961,-3472199184
2019-09-13,2988.429932,3020.73999,2957.01001,3007.389893,-1762306480
2019-09-20,2996.409912,3021.98999,2978.570068,2992.070068,-687826480
2019-09-27,2983.5,3007.97998,2945.530029,2961.790039,-4752196480
2019-10-04,2967.070068,2992.530029,2855.939941,2952.01001,-4230046480
2019-10-11,2944.22998,2993.280029,2892.659912,2970.27002,-5594016480
2019-10-18,2965.810059,3008.290039,2962.939941,2986.199951,-5967716480
2019-10-25,2996.47998,3027.389893,2991.209961,3022.550049,-4186166480
2019-11-01,3032.120117,3066.949951,3023.189941,3066.909912,-2470176480
2019-11-08,3078.959961,3097.77002,3065.889893,3093.080078,-680546480
2019-11-15,3080.330078,3120.459961,3075.820068,3120.459961,-4782546480
2019-11-22,3117.909912,3127.639893,3091.409912,3110.290039,-3400736480
2019-11-29,3117.439941,3154.26001,3117.439941,3140.97998,8748112
2019-12-06,3143.850098,3150.600098,3070.330078,3145.909912,-3970736480
2019-12-13,3141.860107,3182.679932,3126.090088,3168.800049,-3709556480
2019-12-20,3183.629883,3225.649902,3183.629883,3221.219971,-3584873776
2019-12-27,3226.050049,3247.929932,3220.51001,3240.02002,-3930151888
2020-01-03,3240.090088,3258.139893,3212.030029,3234.850098,-4318759184
2020-01-10,3217.550049,3282.98999,3214.639893,3265.350098,-3753816480
2020-01-17,3271.129883,3329.879883,3268.429932,3329.620117,-3339536480
2020-01-24,3321.030029,3337.77002,3281.530029,3295.469971,-1975759184
2020-01-31,3247.159912,3293.469971,3214.679932,3225.52002,-2191916480
2020-02-07,3235.659912,3347.959961,3235.659912,3327.709961,-1974826480
2020-02-14,3318.280029,3385.090088,3317.77002,3380.159912,-3397666480
2020-02-21,3369.040039,3393.52002,3328.449951,3337.75,-1887309184
2020-02-28,3257.610107,3259.810059,2855.840088,2954.219971,1502078928
2020-03-06,2974.280029,3136.719971,2901.540039,2972.370117,4195586224
2020-03-13,2863.889893,2882.590088,2478.860107,2711.02002,-2285262960
2020-03-20,2508.590088,2562.97998,2280.52002,2304.919922,-964622960
2020-03-27,2290.709961,2637.01001,2191.860107,2541.469971,-1411505664
2020-04-03,2558.97998,2641.389893,2447.48999,2488.649902,787718928
2020-04-10,2578.280029,2818.570068,2574.570068,2789.820068,1459706224
2020-04-17,2782.459961,2879.219971,2721.169922,2874.560059,5702043520
2020-04-24,2845.620117,2868.97998,2727.100098,2836.73999,5116063520
2020-05-01,2854.649902,2954.860107,2821.610107,2830.709961,-1219251072
2020-05-08,2815.01001,2932.159912,2797.850098,2929.800049,3348773520
2020-05-15,2915.459961,2945.820068,2766.639893,2863.699951,5775003520
2020-05-22,2913.860107,2980.290039,2913.860107,2955.449951,3836023520
2020-05-29,3004.080078,3068.669922,2969.75,3044.310059,3516233520
2020-06-05,3038.780029,3211.719971,3031.540039,3193.929932,912698928
2020-06-12,3199.919922,3233.129883,2984.469971,3041.310059,31011632
2020-06-19,2993.76001,3155.530029,2965.659912,3097.73999,3189276224
2020-06-26,3094.419922,3154.899902,3004.629883,3009.050049,2181956224
2020-07-03,3018.590088,3165.810059,2999.73999,3130.01001,646900816
2020-07-10,3155.290039,3186.820068,3115.699951,3185.040039,2160803520
2020-07-17,3205.080078,3238.280029,3127.659912,3224.72998,607283520
2020-07-24,3224.290039,3279.98999,3200.050049,3215.629883,-685556480
2020-07-31,3219.840088,3272.169922,3204.129883,3271.120117,299303520
2020-08-07,3288.26001,3352.540039,3284.530029,3351.280029,302503520
2020-08-14,3356.040039,3387.889893,3326.439941,3372.850098,-1855336480
2020-08-21,3380.860107,3399.959961,3354.689941,3397.159912,-3729426480
2020-08-28,3418.090088,3509.22998,3413.129883,3508.01001,-2498846480
2020-09-04,3509.72998,3588.110107,3349.629883,3426.959961,621123520
2020-09-11,3371.879883,3425.550049,3310.469971,3340.969971,-634299184
2020-09-18,3363.560059,3428.919922,3292.399902,3319.469971,-1697893776
2020-09-25,3285.570068,3323.350098,3209.449951,3298.459961,119643520
2020-10-02,3333.899902,3397.179932,3323.689941,3348.419922,-1072176480
2020-10-09,3367.27002,3482.340088,3354.540039,3477.139893,-1702246480
2020-10-16,3500.02002,3549.850098,3440.889893,3483.810059,-2156886480
2020-10-23,3493.659912,3502.419922,3415.340088,3465.389893,-1538286480
2020-10-30,3441.419922,3441.419922,3233.939941,3269.959961,1385533520
2020-11-06,3296.199951,3529.050049,3279.73999,3509.439941,1572243520
2020-11-13,3583.040039,3645.98999,3511.909912,3585.149902,3102976224
2020-11-20,3600.159912,3628.51001,3543.840088,3557.540039,2517403520
2020-11-27,3566.820068,3644.310059,3552.77002,3638.350098,1846800816
2020-12-04,3634.179932,3699.199951,3594.389893,3699.120117,5458263520
2020-12-11,3694.72998,3712.389893,3633.399902,3663.459961,2180803520
2020-12-18,3675.27002,3726.699951,3645.840088,3709.409912,-1401923776
2020-12-25,3684.280029,3711.23999,3636.47998,3703.060059,1579928112
2021-01-01,3723.030029,3760.199951,3723.030029,3756.070068,-3917229184
2021-01-08,3764.610107,3826.689941,3662.709961,3824.679932,4067493520
2021-01-15,3803.139893,3823.600098,3749.620117,3768.25,3156353520
2021-01-22,3781.879883,3861.449951,3780.370117,3841.469971,2013410816
2021-01-29,3851.679932,3870.899902,3694.120117,3714.23999,-1903705664
2021-02-05,3731.169922,3894.560059,3725.620117,3886.830078,4099063520
2021-02-12,3892.590088,3937.22998,3884.939941,3934.830078,1304933520
2021-02-19,3939.610107,3950.429932,3885.030029,3906.709961,2248740816
2021-02-26,3885.550049,3928.649902,3789.540039,3811.149902,1235268928
2021-03-05,3842.51001,3914.5,3723.340088,3841.939941,806188928
2021-03-12,3844.389893,3960.27002,3819.25,3943.340088,5546973520
2021-03-19,3942.959961,3983.870117,3886.75,3913.100098,1181046224
2021-03-26,3916.47998,3978.189941,3853.5,3974.540039,2724953520
2021-04-02,3969.310059,4020.629883,3943.25,4019.870117,310000816
2021-04-09,4034.439941,4129.47998,4034.439941,4128.799805,-1720236480
2021-04-16,4124.709961,4191.310059,4114.819824,4185.470215,-1968626480
2021-04-23,4179.799805,4194.169922,4118.379883,4180.169922,-1619626480
2021-04-30,4185.029785,4218.779785,4174.850098,4181.169922,-1628896480
2021-05-07,4191.97998,4238.040039,4128.589844,4232.600098,-194156480
2021-05-14,4228.290039,4236.390137,4056.879883,4173.850098,1478063520
2021-05-21,4169.919922,4188.720215,4061.409912,4155.859863,-730056480
2021-05-28,4170.160156,4218.359863,4170.160156,4204.109863,1868663520
2021-06-04,4216.52002,4234.120117,4167.930176,4229.890137,3456230816
2021-06-11,4229.339844,4249.740234,4208.410156,4247.439941,598183520
2021-06-18,4248.310059,4257.160156,4164.399902,4166.450195,-901623776
2021-06-25,4173.399902,4286.120117,4173.399902,4280.700195,-2924003776
2021-07-02,4284.899902,4355.430176,4274.669922,4352.339844,-2339686480
2021-07-09,4356.459961,4371.600098,4289.370117,4369.549805,-954299184
2021-07-16,4372.410156,4393.680176,4322.529785,4327.160156,-2497646480
2021-07-23,4296.399902,4415.180176,4233.129883,4411.790039,-170256480
2021-07-30,4409.580078,4429.970215,4372.509766,4395.259766,-740626480
2021-08-06,4406.859863,4440.819824,4373.0,4436.52002,-2303516480
2021-08-13,4437.77002,4468.370117,4424.740234,4468.0,-4214606480
2021-08-20,4461.649902,4480.259766,4367.72998,4441.669922,-2460626480
2021-08-27,4450.290039,4513.330078,4450.290039,4509.370117,-3879206480
2021-09-03,4513.759766,4545.850098,4513.759766,4535.430176,-3004606480
2021-09-10,4535.379883,4535.379883,4457.660156,4458.580078,-2247459184
2021-09-17,4474.810059,4492.990234,4427.759766,4432.990234,-2879013776
2021-09-24,4402.950195,4465.399902,4305.910156,4455.47998,-1416036480
2021-10-01,4442.120117,4457.299805,4288.52002,4357.040039,-828466480
2021-10-08,4348.839844,4429.970215,4278.939941,4391.339844,-2130546480
2021-10-15,4385.439941,4475.819824,4329.919922,4471.370117,-3596686480
2021-10-22,4463.720215,4559.669922,4447.470215,4544.899902,-3102386480
2021-10-29,4553.689941,4608.080078,4537.359863,4605.379883,-826496480
2021-11-05,4610.620117,4718.5,4595.060059,4697.529785,-278906480
2021-11-12,4701.47998,4714.919922,4630.859863,4682.850098,-928856480
2021-11-19,4689.299805,4717.75,4672.779785,4697.959961,-1565126480
2021-11-26,4712.0,4743.830078,4585.430176,4594.620117,-1525049184
2021-12-03,4628.75,4672.950195,4495.120117,4538.430176,876576224
2021-12-10,4548.370117,4713.569824,4540.509766,4712.02002,-203086480
2021-12-17,4710.299805,4731.990234,4600.220215,4620.640137,839576224
2021-12-24,4587.899902,4740.740234,4531.100098,4725.790039,-2239089184
2021-12-31,4733.990234,4808.930176,4733.990234,4766.180176,-7230546480
2022-01-07,4778.140137,4818.620117,4662.740234,4677.029785,404103520
2022-01-14,4655.339844,4748.830078,4582.240234,4662.850098,-222996480
2022-01-21,4632.240234,4632.240234,4395.339844,4397.939941,2264540816
2022-01-28,4356.319824,4453.22998,4222.620117,4431.850098,2119286224
2022-02-04,4431.790039,4595.310059,4414.02002,4500.529785,2030443520
2022-02-11,4505.75,4590.029785,4401.410156,4418.640137,2303973520
2022-02-18,4412.609863,4489.549805,4327.220215,4348.870117,1087503520
2022-02-25,4332.740234,4385.339844,4114.649902,4384.649902,373683520
2022-03-04,4354.169922,4416.779785,4279.540039,4328.870117,6617903520
2022-03-11,4327.009766,4327.009766,4157.870117,4204.310059,-299041072
2022-03-18,4202.75,4465.399902,4161.720215,4463.120117,4770856224
2022-03-25,4462.399902,4546.029785,4424.299805,4543.060059,1136903520
2022-04-01,4541.089844,4637.299805,4507.569824,4545.859863,1694863520
2022-04-08,4547.970215,4593.450195,4450.040039,4488.279785,1764653520
2022-04-15,4462.640137,4471.0,4381.339844,4392.589844,-850249184
2022-04-22,4385.629883,4512.939941,4267.620117,4271.779785,123053520
2022-04-29,4255.339844,4308.450195,4124.279785,4131.930176,3163063520
2022-05-06,4130.609863,4307.660156,4062.51001,4123.339844,3601333520
2022-05-13,4081.27002,4081.27002,3858.870117,4023.889893,7651433520
2022-05-20,4013.02002,4090.719971,3810.320068,3901.360107,3129103520
2022-05-27,3919.419922,4158.490234,3875.129883,4158.240234,1756533520
2022-06-03,4151.089844,4177.509766,4073.850098,4108.540039,-2003496480
2022-06-10,4134.720215,4168.779785,3900.159912,3900.860107,289353520
2022-06-17,3838.149902,3838.149902,3636.870117,3674.840088,4717126224
2022-06-24,3715.310059,3913.649902,3715.310059,3911.73999,2095313520
2022-07-01,3920.76001,3945.860107,3738.669922,3825.330078,218853520
2022-07-08,3792.610107,3918.5,3742.060059,3899.379883,-106169184
2022-07-15,3880.939941,3880.939941,3721.560059,3863.159912,-1781266480
2022-07-22,3883.790039,4012.439941,3818.629883,3961.629883,-1089566480
2022-07-29,3965.719971,4140.149902,3910.73999,4130.290039,-986006480
2022-08-05,4112.379883,4167.660156,4079.810059,4145.189941,176703520
2022-08-12,4155.930176,4280.470215,4112.089844,4280.149902,-376436480
2022-08-19,4269.370117,4325.279785,4218.700195,4228.47998,-2461486480
2022-08-26,4195.080078,4203.040039,4057.659912,4057.659912,-2760636480
2022-09-02,4034.580078,4062.98999,3903.649902,3924.26001,-1881876480
2022-09-09,3930.889893,4076.810059,3886.75,4067.360107,-1293419184
2022-09-16,4083.669922,4119.279785,3837.080078,3873.330078,-1041333776
2022-09-23,3849.909912,3907.070068,3647.469971,3693.22998,-142736480
2022-09-30,3682.719971,3736.73999,3584.129883,3585.620117,3001063520
2022-10-07,3609.780029,3806.909912,3604.929932,3639.659912,1473363520
2022-10-14,3647.51001,3712.0,3491.580078,3583.070068,390053520
2022-10-21,3638.649902,3762.790039,3638.649902,3752.75,1160123520
2022-10-28,3762.01001,3905.419922,3741.649902,3901.060059,2080253520
2022-11-04,3881.850098,3911.790039,3698.149902,3770.550049,2751463520
2022-11-11,3780.709961,4001.47998,3744.219971,3992.929932,3494003520
2022-11-18,3977.969971,4028.840088,3906.540039,3965.340088,356863520
2022-11-25,3956.22998,4034.02002,3933.340088,4026.120117,-160041888
2022-12-02,4005.360107,4100.509766,3937.649902,4071.699951,-3489223776
2022-12-09,4052.02002,4052.449951,3918.389893,3934.379883,-812426480
2022-12-16,3939.290039,4100.959961,3827.909912,3852.360107,-326413776
2022-12-23,3853.790039,3889.820068,3764.48999,3844.820068,-2968426480
2022-12-30,3843.340088,3858.189941,3780.780029,3839.5,-5082499184
2023-01-06,3853.290039,3906.189941,3794.330078,3895.080078,-989639184
2023-01-13,3910.820068,4003.949951,3877.290039,3999.090088,-628716480
2023-01-20,3999.280029,4015.389893,3885.540039,3972.610107,-640739184
2023-01-27,3978.139893,4094.209961,3949.060059,4070.560059,-2767826480
2023-02-03,4049.27002,4195.439941,4015.550049,4136.47998,2182283520
2023-02-10,4119.569824,4176.540039,4060.790039,4090.459961,-813196480
2023-02-17,4096.620117,4159.77002,4047.949951,4079.090088,-1831896480
2023-02-24,4052.350098,4052.350098,3943.080078,3970.040039,-1148319184
2023-03-03,3992.360107,4048.290039,3928.159912,4045.639893,-15376480
2023-03-10,4055.149902,4078.48999,3846.320068,3861.590088,-52446480
2023-03-17,3835.120117,3964.459961,3808.860107,3916.639893,-491768368
2023-03-24,3917.469971,4039.48999,3909.159912,3970.98999,2901123520
2023-03-31,3982.929932,4110.75,3951.530029,4109.310059,-625466480
2023-04-07,4102.200195,4133.129883,4069.840088,4105.02002,-1262659184
2023-04-14,4085.199951,4163.189941,4072.550049,4137.640137,-3579956480
2023-04-21,4137.169922,4169.47998,4113.859863,4133.52002,-3370626480
2023-04-28,4132.069824,4170.060059,4049.350098,4169.47998,-2529876480
2023-05-05,4166.790039,4186.919922,4048.280029,4136.25,-314466480
2023-05-12,4136.97998,4154.279785,4098.919922,4124.080078,-2679256480
2023-05-19,4126.649902,4212.910156,4109.859863,4191.97998,-2196986480
2023-05-26,4190.779785,4212.870117,4103.97998,4205.450195,-1988616480
2023-06-02,4226.709961,4290.669922,4166.149902,4282.370117,1875370816
2023-06-09,4282.990234,4322.620117,4261.069824,4298.859863,-1513936480
2023-06-16,4308.319824,4448.470215,4304.370117,4409.589844,-2271333776
2023-06-23,4396.109863,4400.149902,4341.339844,4348.330078,149870816
2023-06-30,4344.839844,4458.47998,4328.080078,4450.379883,-3126866480
2023-07-07,4450.47998,4456.459961,4385.049805,4398.950195,-55501888
2023-07-14,4394.22998,4527.759766,4389.919922,4505.419922,-3013746480
2023-07-21,4508.859863,4578.430176,4504.899902,4536.339844,-2398956480
2023-07-28,4543.390137,4607.069824,4528.560059,4582.22998,-1281606480
2023-08-04,4584.819824,4594.220215,4474.549805,4478.029785,-365726480
2023-08-11,4491.580078,4527.370117,4443.97998,4464.049805,-2035246480
2023-08-18,4458.129883,4490.330078,4335.310059,4369.709961,-2108166480
2023-08-25,4380.279785,4458.299805,4356.290039,4405.709961,-3368306480
2023-09-01,4426.029785,4541.25,4414.97998,4515.77002,-4906056480
2023-09-08,4510.060059,4514.290039,4430.459961,4457.490234,-3211719184
2023-09-15,4480.97998,4511.990234,4447.209961,4450.319824,-4853763776
2023-09-22,4445.129883,4466.359863,4316.490234,4320.060059,-4378366480
2023-09-29,4310.620117,4338.509766,4238.629883,4288.049805,-3218776480
2023-10-06,4284.52002,4324.100098,4216.450195,4308.5,-2321246480
2023-10-13,4289.02002,4385.850098,4283.790039,4327.779785,-3898606480
2023-10-20,4342.370117,4393.569824,4223.029785,4224.160156,-2610236480
2023-10-27,4210.399902,4259.379883,4103.779785,4117.370117,-1710406480
2023-11-03,4139.390137,4373.620117,4132.939941,4358.339844,151413520
2023-11-10,4364.27002,4418.029785,4343.939941,4415.240234,-2731896480
2023-11-17,4406.660156,4521.169922,4393.819824,4514.02002,-1359316480
2023-11-24,4511.700195,4568.430176,4510.359863,4559.339844,-1046721888
2023-12-01,4554.859863,4599.390137,4537.240234,4594.629883,-269426480
2023-12-08,4564.370117,4609.22998,4546.5,4604.370117,-1423406480
2023-12-15,4593.390137,4738.569824,4593.390137,4719.189941,1458456224
2023-12-22,4725.580078,4778.009766,4697.819824,4754.629883,-2708256480
2023-12-29,4758.859863,4793.299805,4751.990234,4769.830078,-6092589184
