Date,Open,High,Low,Close,Volume,Index
2007-01-05,1438.890015,1439.709961,1372.359985,1385.76001,869400,^KS11
2007-01-12,1376.76001,1389.0,1345.079956,1388.369995,1045500,^KS11
2007-01-19,1396.869995,1397.640015,1356.219971,1360.560059,944500,^KS11
2007-01-26,1363.839966,1392.550049,1348.459961,1371.329956,890800,^KS11
2007-02-02,1376.47998,1413.339966,1357.869995,1413.140015,877300,^KS11
2007-02-09,1413.77002,1432.290039,1409.709961,1427.680054,980300,^KS11
2007-02-16,1416.839966,1450.839966,1403.75,1448.810059,1066600,^KS11
2007-02-23,1450.959961,1471.040039,1443.969971,1469.880005,1099600,^KS11
2007-03-02,1466.920044,1470.949951,1393.959961,1417.339966,847500,^KS11
2007-03-09,1400.800049,1434.699951,1375.839966,1423.579956,1239200,^KS11
2007-03-16,1429.680054,1442.040039,1405.130005,1427.880005,1319300,^KS11
2007-03-23,1425.219971,1456.180054,1420.890015,1447.380005,1568200,^KS11
2007-03-30,1451.119995,1459.689941,1432.800049,1452.550049,1442000,^KS11
2007-04-06,1456.189941,1488.579956,1452.560059,1484.150024,1640300,^KS11
2007-04-13,1489.790039,1526.089966,1489.130005,1520.780029,1920700,^KS11
2007-04-20,1523.890015,1538.890015,1506.140015,1533.079956,1998500,^KS11
2007-04-27,1545.449951,1565.030029,1536.119995,1542.52002,1974000,^KS11
2007-05-04,1538.689941,1567.73999,1530.670044,1567.73999,1094500,^KS11
2007-05-11,1574.859985,1616.060059,1574.859985,1603.560059,1959200,^KS11
2007-05-18,1612.72998,1622.160034,1586.0,1612.25,2280600,^KS11
2007-05-25,1602.640015,1651.609985,1602.640015,1644.560059,1864400,^KS11
2007-06-01,1650.530029,1745.390015,1638.030029,1716.23999,2475500,^KS11
2007-06-08,1734.27002,1753.23999,1713.5,1727.280029,1952600,^KS11
2007-06-15,1740.459961,1776.800049,1709.959961,1772.26001,2743400,^KS11
2007-06-22,1786.290039,1813.839966,1759.949951,1770.97998,3061200,^KS11
2007-06-29,1754.199951,1785.869995,1724.819946,1743.599976,1666900,^KS11
2007-07-06,1741.410034,1865.52002,1736.630005,1861.01001,2069700,^KS11
2007-07-13,1870.349976,1962.939941,1865.790039,1962.930054,2263900,^KS11
2007-07-20,1965.660034,1983.540039,1922.140015,1983.540039,2379600,^KS11
2007-07-27,1978.050049,2015.47998,1863.390015,1883.219971,2850600,^KS11
2007-08-03,1874.079956,1933.27002,1810.619995,1876.800049,1871700,^KS11
2007-08-10,1832.540039,1928.640015,1814.300049,1828.48999,1824800,^KS11
2007-08-17,1840.890015,1857.130005,1626.869995,1638.069946,1737200,^KS11
2007-08-24,1700.47998,1816.189941,1693.420044,1791.329956,1998900,^KS11
2007-08-31,1825.969971,1873.349976,1773.050049,1873.23999,1949700,^KS11
2007-09-07,1876.920044,1899.660034,1844.640015,1884.900024,2034100,^KS11
2007-09-14,1845.589966,1875.949951,1805.880005,1870.02002,1926100,^KS11
2007-09-21,1873.650024,1921.22998,1837.219971,1919.26001,2081700,^KS11
2007-09-28,1944.869995,1952.390015,1935.02002,1946.47998,936200,^KS11
2007-10-05,1948.780029,2014.959961,1946.130005,1996.030029,1753000,^KS11
2007-10-12,2020.339966,2058.870117,1995.050049,2026.439941,2320500,^KS11
2007-10-19,2043.930054,2047.02002,1933.819946,1970.099976,2257100,^KS11
2007-10-26,1901.150024,2028.069946,1875.22998,2028.060059,2099300,^KS11
2007-11-02,2051.620117,2085.449951,2014.650024,2019.339966,2039200,^KS11
2007-11-09,2025.040039,2085.030029,1968.859985,1990.469971,1649200,^KS11
2007-11-16,1957.780029,1985.380005,1887.76001,1926.199951,1741700,^KS11
2007-11-23,1936.380005,1936.5,1745.26001,1772.880005,1564500,^KS11
2007-11-30,1803.76001,1918.119995,1787.949951,1906.0,1641000,^KS11
2007-12-07,1907.949951,1972.369995,1888.079956,1934.319946,1590900,^KS11
2007-12-14,1930.359985,1937.5,1877.27002,1895.050049,1493900,^KS11
2007-12-21,1873.150024,1886.390015,1808.859985,1878.319946,1323900,^KS11
2007-12-28,1899.199951,1926.089966,1890.810059,1897.130005,1043400,^KS11
2008-01-04,1891.449951,1892.5,1821.609985,1863.900024,799900,^KS11
2008-01-11,1815.72998,1855.069946,1776.26001,1782.27002,1438700,^KS11
2008-01-18,1781.0,1790.689941,1684.390015,1734.719971,1424100,^KS11
2008-01-25,1723.949951,1724.390015,1578.369995,1692.410034,1418300,^KS11
2008-02-01,1668.069946,1674.469971,1570.869995,1634.530029,1557300,^KS11
2008-02-08,1655.780029,1697.98999,1655.780029,1696.569946,587000,^KS11
2008-02-15,1648.51001,1697.449951,1629.569946,1694.77002,1834000,^KS11
2008-02-22,1701.75,1722.709961,1670.689941,1686.449951,1581700,^KS11
2008-02-29,1701.75,1739.599976,1701.640015,1711.619995,1462700,^KS11
2008-03-07,1676.300049,1705.969971,1650.73999,1663.969971,1443200,^KS11
2008-03-14,1634.420044,1687.630005,1578.449951,1600.26001,1530500,^KS11
2008-03-21,1588.530029,1645.780029,1537.530029,1645.689941,1349500,^KS11
2008-03-28,1653.819946,1704.280029,1645.890015,1701.829956,1466900,^KS11
2008-04-04,1705.170044,1768.060059,1685.189941,1766.48999,1449200,^KS11
2008-04-11,1769.73999,1786.569946,1735.780029,1779.709961,1029800,^KS11
2008-04-18,1746.880005,1783.849976,1734.130005,1771.900024,1250900,^KS11
2008-04-25,1793.189941,1825.829956,1784.22998,1824.680054,1811300,^KS11
2008-05-02,1829.449951,1851.640015,1803.079956,1848.27002,1156800,^KS11
2008-05-09,1849.810059,1868.089966,1818.27002,1823.699951,1287100,^KS11
2008-05-16,1829.369995,1899.569946,1813.97998,1888.880005,1279500,^KS11
2008-05-23,1893.540039,1901.130005,1810.680054,1827.939941,1664700,^KS11
2008-05-30,1813.630005,1852.359985,1791.400024,1852.02002,1428300,^KS11
2008-06-06,1848.300049,1853.5,1813.119995,1832.310059,1004300,^KS11
2008-06-13,1787.900024,1814.060059,1730.25,1747.349976,1636700,^KS11
2008-06-20,1763.859985,1775.109985,1723.410034,1731.0,1785800,^KS11
2008-06-27,1705.609985,1734.859985,1669.689941,1684.449951,1626900,^KS11
2008-07-04,1682.859985,1689.609985,1574.599976,1577.939941,1474900,^KS11
2008-07-11,1568.25,1583.48999,1495.439941,1567.51001,1591500,^KS11
2008-07-18,1562.880005,1581.699951,1488.75,1509.98999,1475700,^KS11
2008-07-25,1530.680054,1627.869995,1530.050049,1597.930054,1514500,^KS11
2008-08-01,1609.569946,1611.150024,1542.890015,1573.77002,1243800,^KS11
2008-08-08,1567.01001,1582.51001,1531.52002,1568.719971,1208200,^KS11
2008-08-15,1592.300049,1597.310059,1553.650024,1572.189941,985300,^KS11
2008-08-22,1579.130005,1582.76001,1477.550049,1496.910034,1251400,^KS11
2008-08-29,1505.130005,1510.97998,1466.459961,1474.23999,1111200,^KS11
2008-09-05,1453.140015,1456.689941,1392.550049,1404.380005,1728500,^KS11
2008-09-12,1437.589966,1481.410034,1430.050049,1477.920044,1938700,^KS11
2008-09-19,1381.23999,1464.589966,1366.880005,1455.780029,1673200,^KS11
2008-09-26,1472.079956,1503.829956,1445.5,1476.329956,2148200,^KS11
2008-10-03,1491.109985,1496.300049,1376.719971,1419.650024,1410800,^KS11
2008-10-10,1389.680054,1389.680054,1178.51001,1241.469971,2006600,^KS11
2008-10-17,1272.949951,1367.699951,1166.880005,1180.670044,2022600,^KS11
2008-10-24,1195.900024,1232.72998,925.5700073,938.75,1981800,^KS11
2008-10-31,937.1799927,1158.660034,892.1599731,1113.060059,3439900,^KS11
2008-11-07,1117.130005,1217.819946,1038.719971,1134.48999,3465900,^KS11
2008-11-14,1152.26001,1165.569946,1040.339966,1088.26001,2931200,^KS11
2008-11-21,1074.329956,1104.660034,914.0200195,1003.72998,2221600,^KS11
2008-11-28,996.2299805,1084.030029,966.2800293,1076.069946,2584700,^KS11
2008-12-05,1074.0,1083.01001,997.0,1028.130005,2330900,^KS11
2008-12-12,1041.410034,1166.27002,1037.640015,1103.819946,2789400,^KS11
2008-12-19,1138.420044,1196.369995,1137.050049,1180.969971,3002700,^KS11
2008-12-26,1189.849976,1201.140015,1108.859985,1117.859985,1640300,^KS11
2009-01-02,1109.400024,1157.400024,1084.26001,1157.400024,1011200,^KS11
2009-01-09,1180.97998,1228.560059,1166.660034,1180.959961,2343400,^KS11
2009-01-16,1170.689941,1184.52002,1108.150024,1135.199951,1795300,^KS11
2009-01-23,1146.089966,1159.880005,1085.719971,1093.400024,1639400,^KS11
2009-01-30,1123.22998,1179.150024,1122.329956,1162.109985,1107000,^KS11
2009-02-06,1145.869995,1210.26001,1136.369995,1210.26001,2206900,^KS11
2009-02-13,1224.439941,1227.72998,1162.569946,1192.439941,2477500,^KS11
2009-02-20,1183.52002,1199.5,1056.339966,1065.949951,2883000,^KS11
2009-02-27,1058.540039,1100.449951,1036.670044,1063.030029,2781200,^KS11
2009-03-06,1044.280029,1074.560059,992.6900024,1055.030029,2423700,^KS11
2009-03-13,1068.97998,1147.829956,1052.410034,1126.030029,2689500,^KS11
2009-03-20,1126.089966,1186.910034,1119.329956,1170.939941,2590700,^KS11
2009-03-27,1179.599976,1256.699951,1179.130005,1237.51001,2759600,^KS11
2009-04-03,1239.800049,1292.599976,1196.319946,1283.75,2968400,^KS11
2009-04-10,1292.420044,1355.689941,1260.72998,1336.040039,4018700,^KS11
2009-04-17,1341.73999,1371.280029,1305.160034,1329.0,4105200,^KS11
2009-04-24,1331.76001,1375.800049,1303.219971,1354.099976,3367100,^KS11
2009-05-01,1358.199951,1377.819946,1298.859985,1369.359985,2717400,^KS11
2009-05-08,1386.02002,1415.47998,1381.119995,1412.130005,2990800,^KS11
2009-05-15,1416.420044,1420.310059,1380.910034,1391.72998,3570000,^KS11
2009-05-22,1385.709961,1436.920044,1366.579956,1403.75,3563600,^KS11
2009-05-29,1393.98999,1414.140015,1315.209961,1395.890015,3504300,^KS11
2009-06-05,1394.920044,1437.76001,1373.23999,1394.709961,3090600,^KS11
2009-06-12,1394.22998,1436.22998,1371.52002,1428.589966,2503700,^KS11
2009-06-19,1427.75,1427.75,1369.76001,1383.339966,2337800,^KS11
2009-06-26,1381.849976,1404.01001,1350.310059,1394.530029,2231000,^KS11
2009-07-03,1399.640015,1420.040039,1381.089966,1420.040039,2267600,^KS11
2009-07-10,1419.170044,1443.810059,1412.680054,1428.619995,2170600,^KS11
2009-07-17,1426.310059,1445.599976,1377.599976,1440.099976,2099600,^KS11
2009-07-24,1447.849976,1510.819946,1447.109985,1502.589966,2702500,^KS11
2009-07-31,1510.75,1559.069946,1505.849976,1557.290039,2319700,^KS11
2009-08-07,1561.939941,1586.119995,1546.5,1576.0,2544900,^KS11
2009-08-14,1585.349976,1594.459961,1552.51001,1591.410034,2744400,^KS11
2009-08-21,1588.72998,1590.150024,1530.650024,1580.97998,2684400,^KS11
2009-08-28,1604.310059,1616.290039,1590.97998,1607.939941,2335800,^KS11
2009-09-04,1607.609985,1624.339966,1580.280029,1608.900024,2537800,^KS11
2009-09-11,1618.790039,1653.77002,1601.040039,1651.699951,2549300,^KS11
2009-09-18,1653.170044,1713.219971,1628.959961,1699.709961,2579300,^KS11
2009-09-25,1700.560059,1723.170044,1662.52002,1691.47998,2282000,^KS11
2009-10-02,1678.569946,1704.23999,1629.550049,1644.630005,1402400,^KS11
2009-10-09,1622.099976,1648.97998,1590.469971,1646.790039,1938200,^KS11
2009-10-16,1660.189941,1672.079956,1614.459961,1640.359985,1993300,^KS11
2009-10-23,1633.339966,1665.650024,1614.849976,1640.170044,1766700,^KS11
2009-10-30,1634.329956,1663.030029,1564.410034,1580.689941,1664100,^KS11
2009-11-06,1543.23999,1579.930054,1543.23999,1572.459961,1290500,^KS11
2009-11-13,1577.920044,1603.01001,1561.930054,1571.98999,1329200,^KS11
2009-11-20,1577.630005,1625.349976,1566.829956,1620.599976,1366100,^KS11
2009-11-27,1623.800049,1630.410034,1519.400024,1524.5,1614500,^KS11
2009-12-04,1547.650024,1629.800049,1541.089966,1624.76001,1510000,^KS11
2009-12-11,1633.300049,1664.050049,1609.810059,1656.900024,1885900,^KS11
2009-12-18,1662.73999,1670.099976,1632.089966,1647.040039,1789400,^KS11
2009-12-25,1646.319946,1687.079956,1637.22998,1682.339966,1463400,^KS11
2010-01-01,1695.189941,1695.329956,1661.109985,1682.77002,1034000,^KS11
2010-01-08,1681.709961,1707.900024,1668.839966,1695.26001,1973800,^KS11
2010-01-15,1700.790039,1705.72998,1671.109985,1701.800049,2003100,^KS11
2010-01-22,1696.140015,1723.219971,1665.599976,1684.349976,2659500,^KS11
2010-01-29,1662.77002,1681.829956,1595.390015,1602.430054,2561900,^KS11
2010-02-05,1603.869995,1619.369995,1560.98999,1567.119995,2113000,^KS11
2010-02-12,1565.23999,1600.410034,1548.780029,1593.660034,2001800,^KS11
2010-02-19,1589.969971,1631.709961,1586.869995,1593.900024,1318700,^KS11
2010-02-26,1617.160034,1630.51001,1580.699951,1594.579956,1784900,^KS11
2010-03-05,1612.430054,1634.569946,1608.969971,1634.569946,1545700,^KS11
2010-03-12,1653.540039,1672.47998,1649.670044,1662.73999,2401100,^KS11
2010-03-19,1663.859985,1687.699951,1642.859985,1686.109985,2338700,^KS11
2010-03-26,1678.51001,1699.939941,1664.880005,1697.719971,1920700,^KS11
2010-04-02,1681.98999,1725.390015,1681.439941,1723.48999,1641000,^KS11
2010-04-09,1728.27002,1737.449951,1710.109985,1724.469971,2062600,^KS11
2010-04-16,1730.369995,1747.380005,1699.579956,1734.48999,2063800,^KS11
2010-04-23,1708.390015,1748.459961,1700.689941,1737.030029,2416200,^KS11
2010-04-30,1745.97998,1757.76001,1714.530029,1741.560059,2111600,^KS11
2010-05-07,1735.680054,1740.150024,1625.829956,1647.5,1700100,^KS11
2010-05-14,1661.609985,1700.0,1654.410034,1695.630005,2127100,^KS11
2010-05-21,1668.569946,1673.01001,1591.930054,1600.180054,1671500,^KS11
2010-05-28,1589.829956,1630.180054,1532.680054,1622.780029,1777700,^KS11
2010-06-04,1625.079956,1670.939941,1621.089966,1664.130005,1208400,^KS11
2010-06-11,1628.060059,1681.699951,1618.569946,1675.339966,1573600,^KS11
2010-06-18,1683.290039,1712.349976,1681.949951,1711.949951,1765200,^KS11
2010-06-25,1728.369995,1741.47998,1719.079956,1729.839966,1785900,^KS11
2010-07-02,1734.530029,1739.969971,1664.540039,1671.819946,1742600,^KS11
2010-07-09,1675.430054,1723.140015,1650.300049,1723.01001,1842300,^KS11
2010-07-16,1731.72998,1764.810059,1724.599976,1738.449951,2061900,^KS11
2010-07-23,1719.140015,1760.619995,1717.969971,1758.060059,1744000,^KS11
2010-07-30,1760.099976,1778.719971,1754.579956,1759.329956,1727300,^KS11
2010-08-06,1771.380005,1797.420044,1767.599976,1783.829956,1692000,^KS11
2010-08-13,1779.380005,1794.550049,1721.75,1746.23999,1610600,^KS11
2010-08-20,1735.359985,1781.069946,1716.859985,1775.540039,1819900,^KS11
2010-08-27,1780.589966,1788.709961,1719.199951,1729.560059,1626900,^KS11
2010-09-03,1749.02002,1786.040039,1736.22998,1780.02002,1447000,^KS11
2010-09-10,1791.76001,1808.180054,1770.780029,1802.579956,1676100,^KS11
2010-09-17,1812.030029,1828.540039,1807.589966,1827.349976,1766400,^KS11
2010-09-24,1821.52002,1846.599976,1818.599976,1846.599976,516900,^KS11
2010-10-01,1856.420044,1884.0,1851.969971,1876.72998,1820300,^KS11
2010-10-08,1884.48999,1906.02002,1868.890015,1897.069946,1900400,^KS11
2010-10-15,1908.550049,1909.01001,1857.930054,1902.290039,1719900,^KS11
2010-10-22,1904.569946,1904.790039,1837.079956,1897.310059,1930200,^KS11
2010-10-29,1902.51001,1924.609985,1875.310059,1882.949951,1877200,^KS11
2010-11-05,1889.569946,1966.98999,1880.25,1938.959961,1769300,^KS11
2010-11-12,1946.76001,1976.459961,1899.48999,1913.119995,1816200,^KS11
2010-11-19,1918.689941,1940.959961,1875.339966,1940.959961,1497500,^KS11
2010-11-26,1947.01001,1954.780029,1882.52002,1901.800049,1942500,^KS11
2010-12-03,1904.949951,1960.609985,1880.579956,1957.26001,1960300,^KS11
2010-12-10,1961.22998,1991.959961,1946.349976,1986.140015,2418100,^KS11
2010-12-17,1993.420044,2027.550049,1983.930054,2026.300049,2138500,^KS11
2010-12-24,2008.140015,2045.390015,1996.439941,2029.599976,1773600,^KS11
2010-12-31,2024.560059,2052.969971,2018.75,2051.0,1231600,^KS11
2011-01-07,2063.689941,2096.649902,2054.830078,2086.199951,1899500,^KS11
2011-01-14,2082.290039,2109.340088,2059.669922,2108.169922,2035700,^KS11
2011-01-21,2112.370117,2119.23999,2066.820068,2069.919922,2039700,^KS11
2011-01-28,2067.320068,2121.060059,2064.0,2107.870117,1902500,^KS11
2011-02-04,2080.600098,2089.719971,2069.72998,2072.030029,611700,^KS11
2011-02-11,2102.76001,2107.830078,1975.469971,1977.189941,1546500,^KS11
2011-02-18,1999.089966,2029.98999,1959.709961,2013.140015,1686400,^KS11
2011-02-25,2014.150024,2014.97998,1941.150024,1963.430054,1567400,^KS11
2011-03-04,1954.400024,2008.890015,1921.339966,2004.680054,1091000,^KS11
2011-03-11,1996.47998,2016.680054,1949.319946,1955.540039,1431700,^KS11
2011-03-18,1949.079956,1988.040039,1882.089966,1981.130005,1673900,^KS11
2011-03-25,1985.469971,2060.290039,1985.150024,2054.040039,1515700,^KS11
2011-04-01,2054.280029,2121.02002,2043.98999,2121.01001,1508600,^KS11
2011-04-08,2124.370117,2136.290039,2103.820068,2127.969971,1828100,^KS11
2011-04-15,2127.199951,2142.709961,2081.97998,2140.5,1703700,^KS11
2011-04-22,2146.830078,2211.360107,2111.600098,2197.820068,1914400,^KS11
2011-04-29,2205.199951,2231.469971,2177.800049,2192.360107,1935500,^KS11
2011-05-06,2203.090088,2229.090088,2133.969971,2147.449951,1415500,^KS11
2011-05-13,2157.949951,2166.629883,2103.060059,2120.080078,1411300,^KS11
2011-05-20,2104.669922,2143.409912,2084.060059,2111.5,1400600,^KS11
2011-05-27,2100.439941,2111.360107,2030.680054,2100.23999,1476000,^KS11
2011-06-03,2115.27002,2152.949951,2085.75,2113.469971,1324100,^KS11
2011-06-10,2093.449951,2109.110107,2045.23999,2046.670044,1077600,^KS11
2011-06-17,2030.540039,2091.0,2008.839966,2031.930054,1173900,^KS11
2011-06-24,2034.349976,2090.820068,2015.859985,2090.810059,1325300,^KS11
2011-07-01,2076.01001,2131.669922,2058.399902,2125.73999,1361900,^KS11
2011-07-08,2143.23999,2192.830078,2141.97998,2180.350098,1529900,^KS11
2011-07-15,2167.939941,2171.290039,2105.23999,2145.199951,1412700,^KS11
2011-07-22,2149.969971,2171.23999,2121.72998,2171.22998,1781700,^KS11
2011-07-29,2154.0,2174.72998,2133.209961,2133.209961,1597600,^KS11
2011-08-05,2160.090088,2173.280029,1920.670044,1943.75,1885000,^KS11
2011-08-12,1916.569946,1939.920044,1684.680054,1793.310059,2650200,^KS11
2011-08-19,1850.530029,1906.609985,1744.859985,1744.880005,1861700,^KS11
2011-08-26,1756.589966,1803.77002,1704.540039,1778.949951,1970600,^KS11
2011-09-02,1807.599976,1928.400024,1787.290039,1867.75,2185700,^KS11
2011-09-09,1829.300049,1858.050049,1744.030029,1812.930054,2085800,^KS11
2011-09-16,1804.089966,1844.52002,1742.910034,1840.099976,1161900,^KS11
2011-09-23,1818.900024,1869.77002,1697.390015,1697.439941,1661600,^KS11
2011-09-30,1720.5,1774.290039,1644.109985,1769.650024,1836600,^KS11
2011-10-07,1718.52002,1765.430054,1659.310059,1759.77002,1023600,^KS11
2011-10-14,1763.300049,1839.189941,1761.680054,1835.400024,1810500,^KS11
2011-10-21,1855.719971,1870.5,1804.109985,1838.380005,1735500,^KS11
2011-10-28,1858.26001,1963.73999,1858.22998,1929.47998,2040600,^KS11
2011-11-04,1922.310059,1941.319946,1859.829956,1928.410034,2039900,^KS11
2011-11-11,1932.949951,1932.949951,1813.25,1863.449951,1886300,^KS11
2011-11-18,1889.329956,1911.329956,1832.170044,1839.170044,1786700,^KS11
2011-11-25,1833.900024,1833.900024,1766.72998,1776.400024,1568800,^KS11
2011-12-02,1804.800049,1926.329956,1795.390015,1916.040039,1831600,^KS11
2011-12-09,1928.459961,1929.180054,1872.670044,1874.75,1916100,^KS11
2011-12-16,1902.75,1903.189941,1817.609985,1839.959961,2161200,^KS11
2011-12-23,1829.48999,1872.310059,1750.599976,1867.219971,2463700,^KS11
2011-12-30,1873.069946,1873.790039,1806.880005,1825.73999,1687900,^KS11
2012-01-06,1831.689941,1884.689941,1814.550049,1843.140015,2267900,^KS11
2012-01-13,1832.040039,1881.839966,1810.47998,1875.680054,2183400,^KS11
2012-01-20,1860.77002,1952.089966,1843.859985,1949.890015,2031100,^KS11
2012-01-27,1947.73999,1973.349976,1945.140015,1964.829956,1232800,^KS11
2012-02-03,1956.630005,1993.880005,1936.140015,1972.339966,2558900,^KS11
2012-02-10,1994.209961,2014.619995,1964.77002,1993.709961,2904800,^KS11
2012-02-17,2000.660034,2031.400024,1991.280029,2023.469971,3078000,^KS11
2012-02-24,2041.51001,2047.430054,1998.390015,2019.890015,3734600,^KS11
2012-03-02,2013.609985,2046.819946,1987.73999,2034.630005,2289700,^KS11
2012-03-09,2028.969971,2030.569946,1966.689941,2018.300049,2486500,^KS11
2012-03-16,2018.72998,2057.280029,2001.5,2034.439941,2305800,^KS11
2012-03-23,2040.069946,2055.340088,2013.719971,2026.829956,2661700,^KS11
2012-03-30,2035.170044,2043.75,2002.609985,2014.040039,2497400,^KS11
2012-04-06,2022.420044,2051.800049,1997.119995,2029.030029,2710300,^KS11
2012-04-13,2008.030029,2011.369995,1969.089966,2008.910034,1897200,^KS11
2012-04-20,1985.280029,2014.949951,1970.540039,1974.650024,2211900,^KS11
2012-04-27,1971.390015,1983.26001,1954.01001,1975.349976,2989900,^KS11
2012-05-04,1989.52002,2001.109985,1975.459961,1989.150024,2785500,^KS11
2012-05-11,1956.060059,1969.640015,1915.689941,1917.130005,2455400,^KS11
2012-05-18,1917.26001,1921.650024,1779.469971,1782.459961,2341900,^KS11
2012-05-25,1801.47998,1831.780029,1788.329956,1824.170044,2084500,^KS11
2012-06-01,1821.630005,1851.939941,1813.01001,1834.51001,1527300,^KS11
2012-06-08,1782.579956,1854.589966,1776.849976,1835.640015,1517100,^KS11
2012-06-15,1860.900024,1871.47998,1840.099976,1858.160034,2241000,^KS11
2012-06-22,1892.910034,1908.189941,1843.569946,1847.390015,1815800,^KS11
2012-06-29,1842.76001,1854.01001,1795.160034,1854.01001,1554300,^KS11
2012-07-06,1864.72998,1881.680054,1850.099976,1858.199951,1622800,^KS11
2012-07-13,1840.300049,1845.939941,1773.670044,1812.890015,1656900,^KS11
2012-07-20,1820.339966,1835.640015,1790.359985,1822.930054,2036500,^KS11
2012-07-27,1799.23999,1829.160034,1758.98999,1829.160034,2267900,^KS11
2012-08-03,1847.01001,1896.829956,1841.400024,1848.680054,1516100,^KS11
2012-08-10,1883.619995,1948.050049,1881.660034,1946.400024,1878300,^KS11
2012-08-17,1945.329956,1964.069946,1932.400024,1946.540039,1496800,^KS11
2012-08-24,1944.670044,1961.069946,1913.75,1919.810059,2423900,^KS11
2012-08-31,1909.02002,1931.0,1896.839966,1905.119995,3184100,^KS11
2012-09-07,1909.060059,1929.579956,1873.48999,1929.579956,3453300,^KS11
2012-09-14,1934.630005,2008.969971,1912.469971,2007.579956,4054900,^KS11
2012-09-21,2005.540039,2012.73999,1987.939941,2002.369995,3964500,^KS11
2012-09-28,1996.420044,2005.449951,1968.849976,1996.209961,3593700,^KS11
2012-10-05,1998.52002,2007.839966,1983.030029,1995.170044,1774400,^KS11
2012-10-12,1994.050049,1994.050049,1919.819946,1933.26001,2337500,^KS11
2012-10-19,1927.819946,1965.530029,1921.319946,1943.839966,2484300,^KS11
2012-10-26,1910.97998,1944.380005,1890.150024,1891.430054,2437300,^KS11
2012-11-02,1901.829956,1921.97998,1884.77002,1918.719971,1946600,^KS11
2012-11-09,1905.459961,1937.550049,1879.060059,1904.410034,2741800,^KS11
2012-11-16,1899.300049,1904.969971,1856.810059,1860.829956,2418000,^KS11
2012-11-23,1869.76001,1911.329956,1869.22998,1911.329956,1845300,^KS11
2012-11-30,1918.01001,1941.839966,1905.949951,1932.900024,2000100,^KS11
2012-12-07,1937.280029,1963.060059,1928.089966,1957.449951,1861000,^KS11
2012-12-14,1965.709961,2002.780029,1955.390015,1995.040039,2004100,^KS11
2012-12-21,1993.180054,2006.079956,1976.089966,1980.420044,1796600,^KS11
2012-12-28,1984.180054,2002.670044,1971.530029,1997.050049,1485200,^KS11
2013-01-04,2013.73999,2042.47998,2001.530029,2011.939941,1234000,^KS11
2013-01-11,2012.150024,2017.920044,1984.160034,1996.670044,2610900,^KS11
2013-01-18,1993.819946,2016.369995,1964.619995,1987.849976,2870600,^KS11
2013-01-25,1987.959961,2008.060059,1934.890015,1946.689941,2451600,^KS11
2013-02-01,1940.329956,1967.290039,1930.369995,1957.790039,2123300,^KS11
2013-02-08,1968.949951,1969.130005,1928.75,1950.900024,1764700,^KS11
2013-02-15,1958.459961,1986.140015,1943.630005,1981.180054,1573300,^KS11
2013-02-22,1979.420044,2029.439941,1973.650024,2018.890015,1973000,^KS11
2013-03-01,2022.51001,2030.849976,1991.959961,2026.48999,1610700,^KS11
2013-03-08,2028.550049,2033.890015,1994.25,2006.01001,1943300,^KS11
2013-03-15,2000.569946,2009.709961,1978.569946,1986.5,1779800,^KS11
2013-03-22,1974.709961,1989.459961,1946.050049,1948.709961,1486500,^KS11
2013-03-29,1968.849976,2013.209961,1968.140015,2004.890015,1647000,^KS11
2013-04-05,2009.939941,2010.150024,1916.77002,1927.22998,1949800,^KS11
2013-04-12,1927.040039,1956.209961,1901.959961,1924.22998,1784100,^KS11
2013-04-19,1916.060059,1934.819946,1888.300049,1906.75,1816100,^KS11
2013-04-26,1903.969971,1951.859985,1901.97998,1944.560059,1475600,^KS11
2013-05-03,1948.869995,1968.040039,1934.680054,1965.709961,1331300,^KS11
2013-05-10,1977.439941,1983.640015,1944.75,1944.75,1549100,^KS11
2013-05-17,1936.859985,1991.97998,1935.569946,1986.810059,1149300,^KS11
2013-05-24,1990.359985,1998.699951,1961.589966,1973.449951,1463100,^KS11
2013-05-31,1974.589966,2013.290039,1971.530029,2001.050049,1763300,^KS11
2013-06-07,1993.109985,2000.560059,1923.839966,1923.849976,1350000,^KS11
2013-06-14,1927.189941,1934.920044,1881.23999,1889.23999,1399000,^KS11
2013-06-21,1889.449951,1900.630005,1806.02002,1822.829956,1469100,^KS11
2013-06-28,1821.219971,1864.089966,1770.530029,1863.319946,1387400,^KS11
2013-07-05,1851.569946,1867.180054,1823.099976,1833.310059,1708500,^KS11
2013-07-12,1830.810059,1877.599976,1809.719971,1869.97998,1426900,^KS11
2013-07-19,1870.26001,1894.699951,1847.819946,1871.410034,1716100,^KS11
2013-07-26,1880.810059,1915.969971,1873.170044,1910.810059,1663700,^KS11
2013-08-02,1908.660034,1939.280029,1899.02002,1923.380005,1722900,^KS11
2013-08-09,1920.829956,1925.599976,1876.069946,1880.709961,1462700,^KS11
2013-08-16,1878.5,1927.589966,1878.329956,1920.109985,1371900,^KS11
2013-08-23,1917.319946,1923.420044,1838.52002,1870.160034,1864600,^KS11
2013-08-30,1876.589966,1926.369995,1861.560059,1926.359985,1706500,^KS11
2013-09-06,1925.319946,1962.150024,1921.01001,1955.310059,1440000,^KS11
2013-09-13,1964.089966,2017.47998,1962.619995,1994.319946,1447600,^KS11
2013-09-20,2011.689941,2018.02002,1994.310059,2005.579956,513200,^KS11
2013-09-27,2000.719971,2016.339966,1988.869995,2011.800049,1391600,^KS11
2013-10-04,2002.02002,2012.819946,1985.630005,1996.97998,1053500,^KS11
2013-10-11,1997.170044,2028.109985,1981.209961,2024.900024,1056400,^KS11
2013-10-18,2026.069946,2052.439941,2019.650024,2052.399902,1286300,^KS11
2013-10-25,2054.159912,2063.280029,2023.819946,2034.390015,1518400,^KS11
2013-11-01,2037.280029,2059.580078,2030.089966,2039.420044,1377300,^KS11
2013-11-08,2035.079956,2035.839966,1984.859985,1984.869995,1364900,^KS11
2013-11-15,1995.859985,2006.310059,1963.420044,2005.640015,1372900,^KS11
2013-11-22,2014.23999,2033.910034,1985.650024,2006.22998,1695300,^KS11
2013-11-29,2020.0,2050.699951,1998.900024,2044.869995,1376600,^KS11
2013-12-06,2050.449951,2052.879883,1971.439941,1980.410034,1174500,^KS11
2013-12-13,2000.52002,2003.969971,1947.439941,1962.910034,1151900,^KS11
2013-12-20,1960.599976,1997.02002,1956.630005,1983.349976,1229000,^KS11
2013-12-27,1993.449951,2009.959961,1987.579956,2002.280029,876000,^KS11
2014-01-03,2004.319946,2013.890015,1936.150024,1946.140015,568500,^KS11
2014-01-10,1947.619995,1966.949951,1931.160034,1938.540039,1143100,^KS11
2014-01-17,1947.380005,1965.27002,1939.310059,1944.47998,1403400,^KS11
2014-01-24,1945.98999,1970.420044,1924.48999,1940.560059,1321300,^KS11
2014-01-31,1905.910034,1941.709961,1899.76001,1941.150024,830800,^KS11
2014-02-07,1930.089966,1931.810059,1885.530029,1922.5,1257000,^KS11
2014-02-14,1928.130005,1946.810059,1916.400024,1940.280029,1064300,^KS11
2014-02-21,1951.73999,1957.829956,1927.530029,1957.829956,1078100,^KS11
2014-02-28,1958.060059,1981.150024,1943.859985,1979.98999,1082800,^KS11
2014-03-07,1967.900024,1983.530029,1952.609985,1974.680054,1046000,^KS11
2014-03-14,1967.630005,1967.660034,1913.640015,1919.900024,1305900,^KS11
2014-03-21,1921.150024,1948.150024,1919.369995,1934.939941,1211800,^KS11
2014-03-28,1937.060059,1985.5,1936.619995,1981.0,1165100,^KS11
2014-04-04,1988.72998,2007.880005,1973.050049,1988.089966,1127800,^KS11
2014-04-11,1984.290039,2008.97998,1977.609985,1997.439941,1088700,^KS11
2014-04-18,1993.810059,2009.040039,1984.97998,2004.280029,1037600,^KS11
2014-04-25,2006.209961,2013.089966,1971.660034,1971.660034,1102800,^KS11
2014-05-02,1969.040039,1976.560059,1955.150024,1959.439941,753200,^KS11
2014-05-09,1964.189941,1964.189941,1934.719971,1956.550049,620600,^KS11
2014-05-16,1956.26001,2015.369995,1950.910034,2013.439941,1169600,^KS11
2014-05-23,2013.790039,2022.589966,2001.73999,2017.170044,1210900,^KS11
2014-05-30,2016.209961,2021.959961,1988.439941,1994.959961,1104900,^KS11
2014-06-06,1998.810059,2008.560059,1986.949951,1995.47998,754400,^KS11
2014-06-13,2004.72998,2016.780029,1984.040039,1990.849976,1157500,^KS11
2014-06-20,1986.859985,2002.959961,1965.119995,1968.069946,1177700,^KS11
2014-06-27,1975.099976,1998.310059,1971.609985,1988.51001,1311300,^KS11
2014-07-04,1996.130005,2018.349976,1987.890015,2009.660034,1259800,^KS11
2014-07-11,2007.530029,2009.319946,1985.530029,1988.73999,1365000,^KS11
2014-07-18,1998.26001,2025.410034,1993.569946,2019.420044,1574000,^KS11
2014-07-25,2028.02002,2036.199951,2016.420044,2033.849976,1500400,^KS11
2014-08-01,2035.959961,2093.080078,2035.959961,2073.100098,1756800,^KS11
2014-08-08,2080.77002,2083.050049,2026.560059,2031.099976,1625000,^KS11
2014-08-15,2048.179932,2073.419922,2037.800049,2063.219971,1150100,^KS11
2014-08-22,2070.949951,2082.209961,2041.910034,2056.699951,1528600,^KS11
2014-08-29,2049.159912,2088.860107,2044.199951,2068.540039,1505800,^KS11
2014-09-05,2067.800049,2072.590088,2040.439941,2049.409912,1653400,^KS11
2014-09-12,2046.969971,2052.159912,2034.130005,2041.859985,696100,^KS11
2014-09-19,2039.030029,2063.26001,2028.800049,2053.820068,1807000,^KS11
2014-09-26,2053.300049,2053.300049,2018.699951,2031.640015,1723200,^KS11
2014-10-03,2035.930054,2036.439941,1966.170044,1976.160034,1336700,^KS11
2014-10-10,1987.890015,1988.390015,1931.880005,1940.920044,1262300,^KS11
2014-10-17,1919.47998,1940.209961,1896.540039,1900.660034,1630400,^KS11
2014-10-24,1918.839966,1944.449951,1911.030029,1925.689941,1941900,^KS11
2014-10-31,1933.910034,1967.079956,1924.369995,1964.430054,1880400,^KS11
2014-11-07,1959.660034,1961.040039,1923.050049,1939.869995,1684500,^KS11
2014-11-14,1952.790039,1974.689941,1940.48999,1945.140015,1620600,^KS11
2014-11-21,1941.829956,1974.410034,1935.949951,1964.839966,1493500,^KS11
2014-11-28,1982.47998,1994.819946,1972.949951,1980.780029,1498100,^KS11
2014-12-05,1971.949951,1989.170044,1954.400024,1986.619995,1472900,^KS11
2014-12-12,1988.800049,1990.040039,1915.0,1921.709961,1911300,^KS11
2014-12-19,1903.119995,1930.079956,1881.72998,1929.97998,1600200,^KS11
2014-12-26,1938.160034,1954.77002,1928.890015,1948.160034,1206200,^KS11
2015-01-02,1937.27002,1941.329956,1909.670044,1926.439941,781000,^KS11
2015-01-09,1921.959961,1929.099976,1876.27002,1924.699951,1468600,^KS11
2015-01-16,1918.180054,1925.680054,1885.619995,1888.130005,1513600,^KS11
2015-01-23,1902.810059,1945.359985,1900.26001,1936.089966,1573600,^KS11
2015-01-30,1928.26001,1964.130005,1924.140015,1949.26001,2031000,^KS11
2015-02-06,1947.910034,1970.27002,1940.73999,1955.52002,1788300,^KS11
2015-02-13,1949.5,1957.5,1932.75,1957.5,1632800,^KS11
2015-02-20,1960.030029,1963.439941,1952.329956,1961.449951,655400,^KS11
2015-02-27,1974.439941,1993.430054,1966.77002,1985.800049,1836800,^KS11
2015-03-06,1996.719971,2013.72998,1988.329956,2012.939941,1959800,^KS11
2015-03-13,2004.939941,2005.810059,1969.130005,1985.790039,1840300,^KS11
2015-03-20,1985.589966,2047.130005,1982.26001,2037.23999,1857800,^KS11
2015-03-27,2043.219971,2046.969971,2016.880005,2019.800049,1858400,^KS11
2015-04-03,2026.599976,2046.900024,2018.119995,2045.420044,2692800,^KS11
2015-04-10,2049.870117,2089.090088,2043.26001,2087.76001,2637700,^KS11
2015-04-17,2094.100098,2144.76001,2088.820068,2143.5,2603000,^KS11
2015-04-24,2126.550049,2189.540039,2125.879883,2159.800049,2870200,^KS11
2015-05-01,2169.139893,2169.139893,2121.290039,2127.169922,1774600,^KS11
2015-05-08,2134.51001,2139.300049,2067.98999,2085.52002,1516400,^KS11
2015-05-15,2106.120117,2134.360107,2088.639893,2106.5,2021100,^KS11
2015-05-22,2108.149902,2146.100098,2099.47998,2146.100098,2158500,^KS11
2015-05-29,2146.469971,2148.699951,2103.639893,2114.800049,1692600,^KS11
2015-06-05,2110.120117,2110.879883,2059.340088,2068.100098,2282900,^KS11
2015-06-12,2068.51001,2080.030029,2044.869995,2052.169922,2088200,^KS11
2015-06-19,2041.069946,2057.709961,2008.459961,2046.959961,1841300,^KS11
2015-06-26,2059.600098,2097.01001,2050.300049,2090.26001,2066300,^KS11
2015-07-03,2056.439941,2110.810059,2049.439941,2104.409912,2352600,^KS11
2015-07-10,2076.060059,2089.860107,1983.780029,2031.170044,2219700,^KS11
2015-07-17,2033.25,2101.219971,2030.209961,2076.790039,3065600,^KS11
2015-07-24,2077.090088,2088.23999,2040.300049,2045.959961,4110600,^KS11
2015-07-31,2034.819946,2055.949951,2004.699951,2030.160034,2519800,^KS11
2015-08-07,2026.25,2038.410034,2001.130005,2010.22998,1741800,^KS11
2015-08-14,2008.439941,2021.810059,1948.910034,1983.459961,1575600,^KS11
2015-08-21,1991.050049,1991.050049,1856.910034,1876.069946,2451000,^KS11
2015-08-28,1860.030029,1938.609985,1800.75,1937.670044,2249700,^KS11
2015-09-04,1934.119995,1941.48999,1879.939941,1886.040039,1675800,^KS11
2015-09-11,1883.359985,1962.109985,1868.47998,1941.369995,2159600,^KS11
2015-09-18,1947.650024,1996.469971,1921.449951,1995.949951,2372500,^KS11
2015-09-25,1973.23999,1983.98999,1932.48999,1942.849976,3647700,^KS11
2015-10-02,1915.459961,1986.01001,1915.040039,1969.680054,2257000,^KS11
2015-10-09,1981.599976,2020.189941,1975.550049,2019.530029,2669900,^KS11
2015-10-16,2022.329956,2038.060059,2002.630005,2030.26001,2934600,^KS11
2015-10-23,2032.359985,2054.820068,2019.530029,2040.400024,3698600,^KS11
2015-10-30,2049.409912,2064.719971,2027.800049,2029.469971,2173400,^KS11
2015-11-06,2033.150024,2056.120117,2028.199951,2041.069946,2317300,^KS11
2015-11-13,2038.589966,2038.589966,1969.709961,1973.290039,1871200,^KS11
2015-11-20,1945.680054,1993.969971,1942.849976,1989.859985,2229100,^KS11
2015-11-27,1995.920044,2038.719971,1992.859985,2028.98999,2128300,^KS11
2015-12-04,2022.380005,2026.329956,1970.47998,1974.400024,2402900,^KS11
2015-12-11,1987.619995,1988.040039,1940.400024,1948.619995,1924900,^KS11
2015-12-18,1926.359985,1987.829956,1919.219971,1975.319946,2406800,^KS11
2015-12-25,1974.26001,2009.98999,1968.140015,1990.650024,2123800,^KS11
2016-01-01,1990.589966,1991.189941,1946.209961,1961.310059,1102500,^KS11
2016-01-08,1954.469971,1954.52002,1883.819946,1917.619995,2223300,^KS11
2016-01-15,1897.180054,1921.0,1873.349976,1878.869995,1512500,^KS11
2016-01-22,1856.030029,1889.900024,1830.060059,1879.430054,1861700,^KS11
2016-01-29,1890.150024,1912.069946,1862.97998,1912.060059,1703900,^KS11
2016-02-05,1919.619995,1926.109985,1882.75,1917.790039,1932800,^KS11
2016-02-12,1872.680054,1877.77002,1817.969971,1835.280029,856900,^KS11
2016-02-19,1857.329956,1916.23999,1847.599976,1916.23999,1662300,^KS11
2016-02-26,1911.560059,1929.530029,1905.849976,1920.160034,1462300,^KS11
2016-03-04,1921.76001,1958.459961,1916.660034,1955.630005,1335900,^KS11
2016-03-11,1961.26001,1976.189941,1935.550049,1971.410034,1714400,^KS11
2016-03-18,1985.73999,2000.300049,1966.439941,1992.119995,1593600,^KS11
2016-03-25,1999.25,2003.119995,1981.170044,1983.810059,1879300,^KS11
2016-04-01,1984.930054,2009.099976,1970.170044,1973.569946,1891700,^KS11
2016-04-08,1974.72998,1980.430054,1954.109985,1972.050049,1924200,^KS11
2016-04-15,1972.25,2016.949951,1963.209961,2014.709961,1558000,^KS11
2016-04-22,2001.349976,2023.77002,1998.48999,2015.48999,2037000,^KS11
2016-04-29,2016.050049,2022.98999,1983.300049,1994.150024,2062000,^KS11
2016-05-06,1991.839966,1991.839966,1969.219971,1976.709961,991400,^KS11
2016-05-13,1974.52002,1989.170044,1962.77002,1966.98999,2081800,^KS11
2016-05-20,1961.910034,1975.099976,1940.359985,1947.670044,2714600,^KS11
2016-05-27,1954.26001,1971.27002,1937.670044,1969.170044,2655300,^KS11
2016-06-03,1969.719971,1991.579956,1955.48999,1985.839966,2724900,^KS11
2016-06-10,1993.079956,2035.27002,1992.77002,2017.630005,1983200,^KS11
2016-06-17,2001.030029,2001.790039,1944.800049,1953.400024,2183800,^KS11
2016-06-24,1974.430054,2001.550049,1892.75,1925.23999,2562000,^KS11
2016-07-01,1901.849976,1993.97998,1900.829956,1987.319946,2017000,^KS11
2016-07-08,1989.439941,1997.369995,1944.329956,1963.099976,2066800,^KS11
2016-07-15,1979.359985,2022.339966,1977.810059,2017.26001,1946100,^KS11
2016-07-22,2018.219971,2023.219971,2002.660034,2010.339966,1789200,^KS11
2016-07-29,2014.73999,2030.689941,2006.630005,2016.189941,1817800,^KS11
2016-08-05,2024.709961,2031.579956,1993.0,2017.939941,1881200,^KS11
2016-08-12,2025.550049,2060.840088,2018.810059,2050.469971,1760900,^KS11
2016-08-19,2056.0,2063.090088,2032.530029,2056.23999,1512000,^KS11
2016-08-26,2054.370117,2054.709961,2027.680054,2037.5,1554700,^KS11
2016-09-02,2028.640015,2049.98999,2016.469971,2038.310059,1739700,^KS11
2016-09-09,2049.189941,2073.889893,2029.459961,2037.869995,2772200,^KS11
2016-09-16,2003.670044,2013.030029,1991.469971,1999.359985,860300,^KS11
2016-09-23,1997.430054,2060.26001,1997.099976,2054.070068,2263500,^KS11
2016-09-30,2052.76001,2072.090088,2031.130005,2043.630005,2312700,^KS11
2016-10-07,2056.939941,2070.429932,2036.869995,2053.800049,1371300,^KS11
2016-10-14,2047.189941,2060.780029,2014.890015,2022.660034,1854700,^KS11
2016-10-21,2028.930054,2050.51001,2011.810059,2033.0,1497600,^KS11
2016-10-28,2037.189941,2047.73999,2002.290039,2019.420044,1512700,^KS11
2016-11-04,2011.290039,2016.01001,1973.579956,1982.02002,1556500,^KS11
2016-11-11,1997.579956,2015.22998,1931.069946,1984.430054,1979700,^KS11
2016-11-18,1982.930054,1988.650024,1967.209961,1974.579956,1613500,^KS11
2016-11-25,1971.030029,1996.650024,1962.420044,1974.459961,1200400,^KS11
2016-12-02,1976.579956,1989.079956,1966.420044,1970.609985,1122400,^KS11
2016-12-09,1965.709961,2031.069946,1960.650024,2024.689941,1121300,^KS11
2016-12-16,2031.949951,2044.420044,2020.969971,2042.23999,1647100,^KS11
2016-12-23,2039.400024,2053.459961,2031.540039,2035.900024,1434700,^KS11
2016-12-30,2038.329956,2044.430054,2016.25,2026.459961,1371700,^KS11
2017-01-06,2022.22998,2051.840088,2015.680054,2049.120117,1866200,^KS11
2017-01-13,2053.179932,2087.139893,2039.5,2076.790039,2320600,^KS11
2017-01-20,2077.030029,2091.02002,2058.350098,2065.610107,2623700,^KS11
2017-01-27,2067.620117,2088.600098,2058.590088,2083.590088,1325400,^KS11
2017-02-03,2077.659912,2092.449951,2064.050049,2073.159912,1958900,^KS11
2017-02-10,2085.72998,2088.370117,2052.290039,2075.080078,1404500,^KS11
2017-02-17,2074.939941,2092.590088,2068.159912,2080.580078,1592100,^KS11
2017-02-24,2084.159912,2108.98999,2077.129883,2094.120117,1718200,^KS11
2017-03-03,2095.469971,2112.580078,2072.090088,2078.75,1604100,^KS11
2017-03-10,2073.199951,2102.050049,2067.679932,2097.350098,1999700,^KS11
2017-03-17,2102.370117,2164.590088,2100.909912,2164.580078,1827100,^KS11
2017-03-24,2160.320068,2182.419922,2151.51001,2168.949951,1680500,^KS11
2017-03-31,2161.169922,2174.159912,2153.139893,2160.22998,2501900,^KS11
2017-04-07,2166.040039,2171.330078,2142.51001,2151.72998,2411000,^KS11
2017-04-14,2148.830078,2148.830078,2117.820068,2134.879883,2170900,^KS11
2017-04-21,2140.870117,2169.459961,2133.820068,2165.040039,1444700,^KS11
2017-04-28,2175.5,2217.040039,2166.830078,2205.439941,1702800,^KS11
2017-05-05,2213.610107,2241.23999,2212.870117,2241.23999,557000,^KS11
2017-05-12,2245.610107,2323.219971,2244.22998,2286.02002,1503500,^KS11
2017-05-19,2288.22998,2309.0,2267.080078,2288.47998,1813900,^KS11
2017-05-26,2300.679932,2364.800049,2292.949951,2355.300049,1773000,^KS11
2017-06-02,2362.590088,2372.649902,2332.159912,2371.719971,2117100,^KS11
2017-06-09,2376.659912,2385.149902,2347.620117,2381.689941,1640300,^KS11
2017-06-16,2370.689941,2387.290039,2350.370117,2361.830078,1706400,^KS11
2017-06-23,2364.02002,2382.540039,2346.189941,2378.600098,1567400,^KS11
2017-06-30,2381.090088,2402.800049,2377.879883,2391.790039,1833500,^KS11
2017-07-07,2397.659912,2399.899902,2372.830078,2379.870117,1672400,^KS11
2017-07-14,2386.300049,2422.26001,2378.040039,2414.629883,1397800,^KS11
2017-07-21,2427.76001,2451.590088,2419.169922,2450.060059,1287900,^KS11
2017-07-28,2451.409912,2453.169922,2399.060059,2400.98999,1589900,^KS11
2017-08-04,2392.02002,2434.469971,2374.110107,2395.449951,1380400,^KS11
2017-08-11,2402.570068,2412.129883,2310.199951,2319.709961,1333600,^KS11
2017-08-18,2336.02002,2364.5,2327.800049,2358.370117,941800,^KS11
2017-08-25,2363.379883,2384.590088,2351.959961,2378.51001,1325200,^KS11
2017-09-01,2376.379883,2383.459961,2332.850098,2357.689941,1300800,^KS11
2017-09-08,2316.889893,2351.72998,2314.310059,2343.719971,1313200,^KS11
2017-09-15,2354.860107,2386.070068,2354.350098,2386.070068,1509100,^KS11
2017-09-22,2390.580078,2429.120117,2389.649902,2406.5,1166700,^KS11
2017-09-29,2388.77002,2394.469971,2365.340088,2394.469971,1240000,^KS11
2017-10-13,2425.629883,2479.72998,2421.100098,2473.620117,914500,^KS11
2017-10-20,2483.169922,2490.939941,2468.669922,2489.540039,1217400,^KS11
2017-10-27,2497.649902,2500.330078,2479.669922,2496.629883,2263700,^KS11
2017-11-03,2513.870117,2561.629883,2497.419922,2557.969971,1838100,^KS11
2017-11-10,2557.290039,2559.929932,2529.939941,2542.949951,1337100,^KS11
2017-11-17,2548.27002,2559.100098,2511.76001,2533.98999,1617600,^KS11
2017-11-24,2536.800049,2553.219971,2523.52002,2544.330078,2064100,^KS11
2017-12-01,2544.73999,2546.709961,2472.75,2475.409912,1561900,^KS11
2017-12-08,2486.719971,2513.679932,2452.399902,2464.0,2038100,^KS11
2017-12-15,2467.810059,2514.610107,2455.389893,2482.070068,1434900,^KS11
2017-12-22,2488.830078,2498.669922,2426.939941,2440.540039,1110500,^KS11
2017-12-29,2447.669922,2467.51001,2411.47998,2467.48999,639800,^KS11
2018-01-05,2474.860107,2502.5,2465.939941,2497.52002,1235900,^KS11
2018-01-12,2510.699951,2524.72998,2482.149902,2496.419922,2012800,^KS11
2018-01-19,2510.969971,2532.080078,2496.179932,2520.26001,1767800,^KS11
2018-01-26,2516.899902,2574.76001,2488.439941,2574.76001,1999300,^KS11
2018-02-02,2588.870117,2607.100098,2519.600098,2525.389893,2314500,^KS11
2018-02-09,2487.340088,2503.98999,2346.72998,2363.77002,2336800,^KS11
2018-02-16,2380.48999,2426.629883,2367.310059,2421.830078,1081400,^KS11
2018-02-23,2452.52002,2455.120117,2404.02002,2451.52002,1826000,^KS11
2018-03-02,2465.350098,2480.790039,2387.25,2402.159912,1280500,^KS11
2018-03-09,2405.919922,2476.429932,2374.800049,2459.449951,1957500,^KS11
2018-03-16,2485.639893,2497.800049,2471.040039,2493.969971,1824200,^KS11
2018-03-23,2491.98999,2508.709961,2412.620117,2416.76001,2107900,^KS11
2018-03-30,2414.679932,2458.23999,2399.439941,2445.850098,1869000,^KS11
2018-04-06,2454.719971,2467.52002,2405.909912,2429.580078,2484400,^KS11
2018-04-13,2424.149902,2458.98999,2419.550049,2455.070068,1883500,^KS11
2018-04-20,2466.040039,2490.570068,2449.080078,2476.330078,2647900,^KS11
2018-04-27,2473.699951,2508.129883,2436.51001,2492.399902,2677700,^KS11
2018-05-04,2502.290039,2516.570068,2461.379883,2461.379883,2780000,^KS11
2018-05-11,2468.449951,2483.850098,2428.790039,2477.709961,2398000,^KS11
2018-05-18,2482.969971,2486.169922,2444.669922,2460.649902,3083300,^KS11
2018-05-25,2464.070068,2481.310059,2444.77002,2460.800049,2632500,^KS11
2018-06-01,2465.0,2482.399902,2399.580078,2438.959961,3276000,^KS11
2018-06-08,2444.620117,2478.669922,2432.810059,2451.580078,1944600,^KS11
2018-06-15,2454.25,2479.560059,2403.969971,2404.040039,2076900,^KS11
2018-06-22,2404.679932,2405.560059,2320.76001,2357.219971,2602700,^KS11
2018-06-29,2351.889893,2361.389893,2296.389893,2326.129883,2223700,^KS11
2018-07-06,2322.22998,2327.590088,2243.899902,2272.870117,1765700,^KS11
2018-07-13,2276.919922,2313.800049,2262.77002,2310.899902,1771500,^KS11
2018-07-20,2312.26001,2319.389893,2269.550049,2289.189941,1896600,^KS11
2018-07-27,2289.610107,2297.159912,2263.129883,2294.98999,1645100,^KS11
2018-08-03,2290.179932,2312.649902,2265.459961,2287.679932,1272000,^KS11
2018-08-10,2288.51001,2308.600098,2277.889893,2282.790039,1305600,^KS11
2018-08-17,2266.429932,2271.820068,2218.090088,2247.050049,1141500,^KS11
2018-08-24,2257.350098,2295.219971,2244.590088,2293.209961,1520900,^KS11
2018-08-31,2297.320068,2322.879883,2289.409912,2322.879883,1394900,^KS11
2018-09-07,2317.929932,2318.719971,2264.899902,2281.580078,1610800,^KS11
2018-09-14,2277.350098,2318.649902,2271.0,2318.25,1611100,^KS11
2018-09-21,2314.550049,2339.169922,2287.419922,2339.169922,1614100,^KS11
2018-09-28,2331.699951,2356.620117,2331.699951,2343.070068,597100,^KS11
2018-10-05,2349.639893,2352.110107,2250.98999,2267.52002,1157800,^KS11
2018-10-12,2258.72998,2273.709961,2129.129883,2161.850098,1284800,^KS11
2018-10-19,2155.340088,2182.77002,2117.620117,2156.26001,1430500,^KS11
2018-10-26,2143.080078,2163.209961,2008.859985,2027.150024,1907100,^KS11
2018-11-02,2026.680054,2096.629883,1985.949951,2096.0,1957700,^KS11
2018-11-09,2079.810059,2120.879883,2052.669922,2086.090088,1788400,^KS11
2018-11-16,2065.919922,2103.110107,2032.050049,2092.399902,1670500,^KS11
2018-11-23,2096.129883,2111.389893,2047.959961,2057.47998,1292500,^KS11
2018-11-30,2060.169922,2136.73999,2060.169922,2096.860107,1511600,^KS11
2018-12-07,2127.780029,2136.639893,2064.0,2075.76001,2345800,^KS11
2018-12-14,2048.449951,2104.429932,2043.209961,2069.379883,1903200,^KS11
2018-12-21,2071.209961,2080.649902,2047.52002,2061.48999,2025300,^KS11
2018-12-28,2050.379883,2059.939941,2014.280029,2041.040039,1357500,^KS11
2019-01-04,2050.550049,2053.449951,1984.530029,2010.25,1163400,^KS11
2019-01-11,2034.23999,2076.98999,2023.589966,2075.570068,1987200,^KS11
2019-01-18,2070.48999,2124.5,2059.459961,2124.280029,2305100,^KS11
2019-01-25,2133.870117,2178.01001,2106.73999,2177.72998,2049700,^KS11
2019-02-01,2184.409912,2222.879883,2162.530029,2203.459961,2429200,^KS11
2019-02-08,2215.77002,2215.790039,2171.959961,2177.050049,818800,^KS11
2019-02-15,2180.540039,2225.850098,2167.360107,2196.090088,2232000,^KS11
2019-02-22,2207.360107,2234.679932,2193.340088,2230.5,1869600,^KS11
2019-03-01,2241.129883,2241.76001,2195.439941,2195.439941,1482700,^KS11
2019-03-08,2210.969971,2216.02002,2137.439941,2137.439941,1621100,^KS11
2019-03-15,2140.290039,2181.77002,2125.540039,2176.110107,1641100,^KS11
2019-03-22,2179.689941,2200.320068,2152.209961,2186.949951,1571600,^KS11
2019-03-29,2158.800049,2159.25,2120.929932,2140.669922,1624200,^KS11
2019-04-05,2153.310059,2216.149902,2153.310059,2209.610107,1827600,^KS11
2019-04-12,2217.659912,2233.449951,2202.48999,2233.449951,2014000,^KS11
2019-04-19,2242.310059,2252.050049,2210.429932,2216.149902,2524400,^KS11
2019-04-26,2218.5,2229.75,2168.149902,2179.310059,2561600,^KS11
2019-05-03,2183.409912,2217.030029,2181.820068,2196.320068,1749200,^KS11
2019-05-10,2172.389893,2179.51001,2090.389893,2108.040039,2398700,^KS11
2019-05-17,2091.800049,2101.090088,2053.790039,2055.800049,3062400,^KS11
2019-05-24,2066.530029,2077.100098,2035.97998,2045.310059,2667000,^KS11
2019-05-31,2044.25,2058.419922,2016.25,2041.73999,2128100,^KS11
2019-06-07,2031.030029,2086.48999,2029.170044,2072.330078,1571700,^KS11
2019-06-14,2087.370117,2118.889893,2075.51001,2095.409912,2728600,^KS11
2019-06-21,2091.709961,2132.679932,2087.25,2125.620117,3724800,^KS11
2019-06-28,2130.320068,2141.27002,2115.110107,2130.620117,3231700,^KS11
2019-07-05,2147.23999,2147.23999,2088.969971,2110.590088,2302100,^KS11
2019-07-12,2091.909912,2092.540039,2052.030029,2086.659912,2092400,^KS11
2019-07-19,2083.389893,2096.72998,2061.330078,2094.360107,2749400,^KS11
2019-07-26,2090.350098,2106.389893,2054.639893,2066.26001,3019800,^KS11
2019-08-02,2059.129883,2063.129883,1987.119995,1998.130005,2645300,^KS11
2019-08-09,1985.930054,1987.640015,1891.810059,1937.75,3571500,^KS11
2019-08-16,1941.530029,1952.219971,1911.719971,1927.170044,2208400,^KS11
2019-08-23,1936.640015,1971.119995,1931.439941,1948.300049,2152900,^KS11
2019-08-30,1915.339966,1971.209961,1909.920044,1967.790039,1639000,^KS11
2019-09-06,1961.189941,2017.199951,1958.589966,2009.130005,1825500,^KS11
2019-09-13,2013.380005,2050.800049,2013.280029,2049.199951,1445300,^KS11
2019-09-20,2056.26001,2092.370117,2044.800049,2091.52002,2697500,^KS11
2019-09-27,2087.699951,2101.629883,2044.75,2049.929932,2324800,^KS11
2019-10-04,2045.77002,2077.47998,2020.689941,2020.689941,1534300,^KS11
2019-10-11,2031.530029,2053.939941,2010.900024,2044.609985,1586600,^KS11
2019-10-18,2068.129883,2090.01001,2057.889893,2060.689941,2331100,^KS11
2019-10-25,2067.969971,2093.810059,2059.330078,2087.889893,2256100,^KS11
2019-11-01,2096.669922,2105.169922,2075.540039,2100.199951,1922100,^KS11
2019-11-08,2111.320068,2156.22998,2111.320068,2137.22998,2286800,^KS11
2019-11-15,2139.070068,2165.02002,2118.669922,2162.179932,2969400,^KS11
2019-11-22,2161.889893,2165.889893,2088.189941,2101.959961,2996700,^KS11
2019-11-29,2117.139893,2139.639893,2085.100098,2087.959961,2066600,^KS11
2019-12-06,2097.550049,2103.870117,2053.560059,2081.850098,2094700,^KS11
2019-12-13,2091.939941,2170.25,2080.159912,2170.25,2686500,^KS11
2019-12-20,2168.050049,2206.820068,2166.290039,2204.179932,2857500,^KS11
2019-12-27,2208.219971,2215.550049,2177.399902,2204.209961,2133500,^KS11
2020-01-03,2202.620117,2208.040039,2165.389893,2176.459961,1542700,^KS11
2020-01-10,2154.969971,2206.919922,2137.719971,2206.389893,3261800,^KS11
2020-01-17,2204.48999,2268.709961,2204.48999,2250.570068,3459500,^KS11
2020-01-24,2261.399902,2277.22998,2235.129883,2246.129883,2433900,^KS11
2020-01-31,2192.219971,2199.929932,2119.01001,2119.01001,2814000,^KS11
2020-02-07,2086.610107,2229.98999,2082.73999,2211.949951,3530900,^KS11
2020-02-14,2185.629883,2255.48999,2180.51001,2243.590088,3004000,^KS11
2020-02-21,2243.070068,2250.050049,2160.280029,2162.840088,2864500,^KS11
2020-02-28,2114.040039,2120.060059,1980.819946,1987.01001,4559200,^KS11
2020-03-06,1997.030029,2089.080078,1969.339966,2040.219971,3290900,^KS11
2020-03-13,1981.02002,1989.5,1680.599976,1771.439941,3870800,^KS11
2020-03-20,1805.430054,1805.430054,1439.430054,1566.150024,3854500,^KS11
2020-03-27,1474.449951,1759.050049,1458.410034,1717.72998,4269300,^KS11
2020-04-03,1670.339966,1762.439941,1659.949951,1725.439941,4815300,^KS11
2020-04-10,1745.25,1861.099976,1742.670044,1860.699951,4991400,^KS11
2020-04-17,1853.300049,1926.02002,1825.76001,1914.530029,4450400,^KS11
2020-04-24,1908.339966,1925.25,1841.660034,1889.01001,4699800,^KS11
2020-05-01,1897.060059,1957.51001,1894.619995,1947.560059,3893400,^KS11
2020-05-08,1906.420044,1956.890015,1894.290039,1945.819946,3789300,^KS11
2020-05-15,1953.51001,1960.459961,1897.23999,1927.280029,3636800,^KS11
2020-05-22,1934.51001,2004.949951,1921.140015,1970.130005,3682900,^KS11
2020-05-29,1980.51001,2054.52002,1967.839966,2029.599976,5096400,^KS11
2020-06-05,2037.040039,2191.0,2035.630005,2181.870117,5397500,^KS11
2020-06-12,2215.600098,2217.209961,2084.629883,2132.300049,3894700,^KS11
2020-06-19,2114.409912,2154.370117,2030.819946,2141.320068,4818500,^KS11
2020-06-26,2126.379883,2171.860107,2110.51001,2134.649902,4399600,^KS11
2020-07-03,2105.540039,2153.540039,2087.840088,2152.409912,4330100,^KS11
2020-07-10,2158.949951,2206.790039,2140.290039,2150.25,3698500,^KS11
2020-07-17,2170.51001,2216.969971,2163.070068,2201.189941,3645400,^KS11
2020-07-24,2209.590088,2238.860107,2183.830078,2200.439941,4396900,^KS11
2020-07-31,2203.47998,2281.409912,2203.47998,2249.370117,4147200,^KS11
2020-08-07,2251.649902,2362.23999,2237.040039,2351.669922,3822100,^KS11
2020-08-14,2353.919922,2458.169922,2349.330078,2407.48999,4256000,^KS11
2020-08-21,2405.840088,2419.649902,2270.850098,2304.590088,3317200,^KS11
2020-08-28,2309.379883,2379.26001,2283.47998,2353.800049,4588400,^KS11
2020-09-04,2377.090088,2401.780029,2326.060059,2368.25,6494800,^KS11
2020-09-11,2369.850098,2407.560059,2362.419922,2396.689941,5070500,^KS11
2020-09-18,2418.330078,2450.530029,2396.330078,2412.399902,4196200,^KS11
2020-09-25,2412.439941,2427.169922,2267.629883,2278.790039,4240900,^KS11
2020-10-02,2301.159912,2339.830078,2291.320068,2327.889893,1252200,^KS11
2020-10-09,2330.550049,2409.01001,2327.830078,2391.959961,3322900,^KS11
2020-10-16,2404.179932,2418.889893,2325.030029,2341.530029,4555400,^KS11
2020-10-23,2352.919922,2371.73999,2322.060059,2360.810059,4315900,^KS11
2020-10-30,2366.5,2374.5,2266.929932,2267.149902,3499100,^KS11
2020-11-06,2276.610107,2431.110107,2267.949951,2416.5,4080300,^KS11
2020-11-13,2438.629883,2495.77002,2434.52002,2493.870117,6441600,^KS11
2020-11-20,2507.459961,2558.209961,2507.459961,2553.5,5534400,^KS11
2020-11-27,2560.040039,2642.26001,2553.699951,2633.449951,7006900,^KS11
2020-12-04,2648.050049,2742.77002,2591.340088,2731.449951,6134300,^KS11
2020-12-11,2738.110107,2781.040039,2700.919922,2770.060059,6608800,^KS11
2020-12-18,2769.429932,2782.790039,2735.080078,2772.179932,5446700,^KS11
2020-12-25,2771.97998,2812.159912,2716.280029,2806.860107,4552500,^KS11
2021-01-01,2820.949951,2878.209961,2792.060059,2873.469971,3127000,^KS11
2021-01-08,2874.5,3161.110107,2869.110107,3152.179932,7162400,^KS11
2021-01-15,3161.899902,3266.22998,3047.560059,3085.899902,7243400,^KS11
2021-01-22,3079.899902,3185.26001,3003.889893,3140.629883,6489300,^KS11
2021-01-29,3144.01001,3212.219971,2962.699951,2976.209961,5196900,^KS11
2021-02-05,2976.810059,3142.26001,2947.23999,3120.629883,5412800,^KS11
2021-02-12,3113.629883,3129.659912,3064.25,3100.580078,5575500,^KS11
2021-02-19,3108.699951,3180.939941,3040.280029,3107.620117,10649300,^KS11
2021-02-26,3114.030029,3142.47998,2988.280029,3012.949951,8392100,^KS11
2021-03-05,3021.679932,3096.5,2982.449951,3026.26001,6452800,^KS11
2021-03-12,3031.98999,3061.429932,2929.360107,3054.389893,7386400,^KS11
2021-03-19,3057.060059,3090.189941,3022.48999,3039.530029,5401800,^KS11
2021-03-26,3040.01001,3058.790039,2971.040039,3041.01001,5202100,^KS11
2021-04-02,3047.709961,3121.580078,3025.389893,3112.800049,5174300,^KS11
2021-04-09,3121.22998,3156.040039,3101.860107,3131.879883,7529100,^KS11
2021-04-16,3134.879883,3206.76001,3127.909912,3198.620117,6864700,^KS11
2021-04-23,3201.110107,3220.820068,3146.540039,3181.080078,7706000,^KS11
2021-04-30,3191.340088,3223.050049,3143.379883,3147.860107,6825700,^KS11
2021-05-07,3149.050049,3205.110107,3109.780029,3197.199951,4550700,^KS11
2021-05-14,3201.459961,3255.899902,3103.879883,3153.320068,5459600,^KS11
2021-05-21,3163.209961,3198.01001,3121.320068,3156.419922,3126500,^KS11
2021-05-28,3155.909912,3198.659912,3137.810059,3188.72998,4516300,^KS11
2021-06-04,3192.060059,3258.5,3179.870117,3240.080078,7065900,^KS11
2021-06-11,3244.590088,3264.669922,3210.310059,3249.320068,9187000,^KS11
2021-06-18,3249.600098,3281.959961,3238.51001,3267.929932,9217600,^KS11
2021-06-25,3264.179932,3316.080078,3225.560059,3302.840088,6740600,^KS11
2021-07-02,3305.459961,3311.689941,3276.629883,3281.780029,6425200,^KS11
2021-07-09,3285.290039,3313.51001,3188.800049,3217.949951,5848000,^KS11
2021-07-16,3227.51001,3286.580078,3227.51001,3276.909912,5430400,^KS11
2021-07-23,3258.870117,3264.01001,3214.419922,3254.419922,4582300,^KS11
2021-07-30,3265.98999,3265.98999,3202.320068,3202.320068,4067900,^KS11
2021-08-06,3218.419922,3296.169922,3194.0,3270.360107,3465900,^KS11
2021-08-13,3258.100098,3275.149902,3146.76001,3171.290039,3390400,^KS11
2021-08-20,3169.73999,3179.48999,3049.030029,3060.51001,2641300,^KS11
2021-08-27,3086.810059,3161.0,3064.649902,3133.899902,3005700,^KS11
2021-09-03,3160.870117,3215.129883,3130.300049,3201.060059,3402300,^KS11
2021-09-10,3196.300049,3206.25,3103.379883,3125.76001,3993900,^KS11
2021-09-17,3117.350098,3167.679932,3109.01001,3140.51001,3258300,^KS11
2021-09-24,3123.639893,3146.860107,3107.97998,3125.23999,1375800,^KS11
2021-10-01,3121.699951,3146.350098,3015.01001,3019.179932,4337600,^KS11
2021-10-08,2998.169922,2998.169922,2908.300049,2956.300049,3002700,^KS11
2021-10-15,2950.219971,3021.899902,2901.51001,3015.060059,2885100,^KS11
2021-10-22,3017.47998,3047.23999,2990.439941,3006.159912,4033300,^KS11
2021-10-29,3001.100098,3051.649902,2965.399902,2970.679932,3125300,^KS11
2021-11-05,2984.179932,3034.300049,2953.959961,2969.27002,3117800,^KS11
2021-11-12,2965.360107,2987.280029,2903.719971,2968.800049,3071600,^KS11
2021-11-19,2989.679932,3011.879883,2937.530029,2971.02002,2956000,^KS11
2021-11-26,2983.379883,3018.01001,2930.310059,2936.439941,2801900,^KS11
2021-12-03,2906.149902,2975.439941,2822.72998,2968.330078,3407000,^KS11
2021-12-10,2954.820068,3036.129883,2932.48999,3010.22998,2472300,^KS11
2021-12-17,3019.669922,3043.830078,2973.0,3017.72998,2242900,^KS11
2021-12-24,3001.330078,3025.77002,2955.899902,3012.429932,2269800,^KS11
2021-12-31,3013.939941,3020.290039,2975.73999,2977.649902,2088400,^KS11
2022-01-07,2991.969971,2995.25,2915.379883,2954.889893,2739400,^KS11
2022-01-14,2947.370117,2982.139893,2909.820068,2921.919922,2698700,^KS11
2022-01-21,2918.550049,2919.669922,2817.110107,2834.290039,2537900,^KS11
2022-01-28,2823.76001,2828.110107,2591.530029,2663.340088,2505600,^KS11
2022-02-04,2706.340088,2751.800049,2702.780029,2750.26001,971200,^KS11
2022-02-11,2750.699951,2788.27002,2718.939941,2747.709961,2505500,^KS11
2022-02-18,2715.100098,2770.659912,2665.469971,2744.52002,2750700,^KS11
2022-02-25,2706.649902,2746.620117,2642.629883,2676.76001,3270800,^KS11
2022-03-04,2663.0,2748.209961,2658.25,2713.429932,2520700,^KS11
2022-03-11,2680.169922,2682.790039,2605.810059,2661.280029,2521400,^KS11
2022-03-18,2654.929932,2714.0,2615.080078,2707.02002,3164600,^KS11
2022-03-25,2717.810059,2742.27002,2683.689941,2729.97998,3433500,^KS11
2022-04-01,2721.219971,2765.199951,2707.73999,2739.850098,4667000,^KS11
2022-04-08,2729.860107,2769.179932,2685.52002,2700.389893,5895600,^KS11
2022-04-15,2687.540039,2720.300049,2658.399902,2696.060059,3702600,^KS11
2022-04-22,2685.040039,2737.540039,2681.370117,2704.709961,6258400,^KS11
2022-04-29,2676.669922,2696.100098,2615.5,2695.050049,4852900,^KS11
2022-05-06,2669.209961,2702.100098,2635.969971,2644.51001,4270600,^KS11
2022-05-13,2590.129883,2605.840088,2546.800049,2604.23999,3208400,^KS11
2022-05-20,2624.689941,2644.129883,2568.540039,2639.290039,3951600,^KS11
2022-05-27,2651.629883,2653.870117,2602.01001,2638.050049,3388600,^KS11
2022-06-03,2662.310059,2685.899902,2653.590088,2670.649902,2227100,^KS11
2022-06-10,2659.27002,2662.040039,2583.73999,2595.870117,2638600,^KS11
2022-06-17,2550.209961,2550.320068,2396.469971,2440.929932,3262800,^KS11
2022-06-24,2449.889893,2449.889893,2306.47998,2366.600098,3006600,^KS11
2022-07-01,2383.199951,2422.100098,2291.48999,2305.419922,2541600,^KS11
2022-07-08,2310.72998,2367.840088,2276.629883,2350.610107,1953100,^KS11
2022-07-15,2357.429932,2363.26001,2293.449951,2330.97998,1732500,^KS11
2022-07-22,2350.47998,2417.909912,2344.120117,2393.139893,1673200,^KS11
2022-07-29,2385.649902,2463.050049,2385.649902,2451.5,2061300,^KS11
2022-08-05,2444.050049,2497.580078,2428.76001,2490.800049,2319900,^KS11
2022-08-12,2481.169922,2533.199951,2477.76001,2527.939941,2301800,^KS11
2022-08-19,2543.050049,2546.350098,2488.090088,2492.689941,1657000,^KS11
2022-08-26,2467.379883,2497.76001,2430.689941,2481.030029,2262600,^KS11
2022-09-02,2432.060059,2473.75,2402.669922,2409.409912,2190000,^KS11
2022-09-09,2410.070068,2424.77002,2365.350098,2384.280029,1450300,^KS11
2022-09-16,2418.590088,2453.949951,2371.110107,2382.780029,1692400,^KS11
2022-09-23,2388.72998,2389.850098,2285.709961,2290.0,2093800,^KS11
2022-09-30,2260.800049,2260.800049,2134.77002,2155.48999,3162900,^KS11
2022-10-07,2189.51001,2253.929932,2180.840088,2232.840088,2347300,^KS11
2022-10-14,2193.02002,2220.540039,2162.870117,2212.550049,2822200,^KS11
2022-10-21,2187.169922,2266.800049,2177.659912,2213.120117,3719600,^KS11
2022-10-28,2248.26001,2292.649902,2229.850098,2268.399902,2479500,^KS11
2022-11-04,2293.75,2348.429932,2273.72998,2348.429932,2435100,^KS11
2022-11-11,2360.219971,2486.459961,2354.219971,2483.159912,3229600,^KS11
2022-11-18,2485.179932,2499.429932,2442.870117,2444.47998,3509500,^KS11
2022-11-25,2446.050049,2449.659912,2401.5,2437.860107,2478100,^KS11
2022-12-02,2425.050049,2501.429932,2401.100098,2434.330078,2453700,^KS11
2022-12-09,2442.169922,2442.219971,2357.199951,2389.040039,1752000,^KS11
2022-12-16,2373.580078,2400.179932,2326.830078,2360.02002,2143900,^KS11
2022-12-23,2350.780029,2358.76001,2311.899902,2313.689941,1930900,^KS11
2022-12-30,2312.540039,2335.98999,2236.379883,2236.399902,1642600,^KS11
2023-01-06,2249.949951,2300.620117,2180.669922,2289.969971,1997900,^KS11
2023-01-13,2315.870117,2397.01001,2312.560059,2386.090088,2511300,^KS11
2023-01-20,2390.060059,2410.219971,2354.560059,2395.26001,2262200,^KS11
2023-01-27,2426.580078,2497.399902,2421.51001,2484.02002,1545500,^KS11
2023-02-03,2484.639893,2491.129883,2423.370117,2480.399902,2947500,^KS11
2023-02-10,2461.820068,2487.350098,2432.399902,2469.72998,2694300,^KS11
2023-02-17,2461.959961,2480.340088,2424.159912,2451.209961,2122000,^KS11
2023-02-24,2453.25,2466.070068,2416.159912,2423.610107,2080500,^KS11
2023-03-03,2405.419922,2442.100098,2383.76001,2432.070068,1685300,^KS11
2023-03-10,2452.459961,2475.72998,2383.189941,2394.590088,2191400,^KS11
2023-03-17,2400.449951,2413.23999,2346.110107,2395.689941,1989400,^KS11
2023-03-24,2391.870117,2424.47998,2378.699951,2414.959961,2237800,^KS11
2023-03-31,2423.939941,2481.23999,2395.969971,2476.860107,2834900,^KS11
2023-04-07,2485.810059,2497.610107,2458.5,2490.409912,3601400,^KS11
2023-04-14,2491.679932,2581.73999,2490.169922,2571.48999,4113600,^KS11
2023-04-21,2570.300049,2582.22998,2532.320068,2544.399902,4545200,^KS11
2023-04-28,2538.360107,2541.889893,2465.830078,2501.530029,4408200,^KS11
2023-05-05,2504.01001,2524.419922,2486.090088,2500.939941,2396700,^KS11
2023-05-12,2518.530029,2525.840088,2472.449951,2475.419922,3482300,^KS11
2023-05-19,2469.800049,2538.310059,2455.98999,2537.790039,2815300,^KS11
2023-05-26,2540.030029,2577.320068,2533.5,2558.810059,3784400,^KS11
2023-06-02,2582.409912,2601.379883,2565.0,2601.360107,2563100,^KS11
2023-06-09,2617.429932,2644.699951,2595.330078,2641.159912,2238200,^KS11
2023-06-16,2647.48999,2650.449951,2602.52002,2625.790039,3143000,^KS11
2023-06-23,2618.060059,2619.439941,2568.070068,2570.100098,3216700,^KS11
2023-06-30,2568.649902,2590.52002,2541.719971,2564.280029,2610100,^KS11
2023-07-07,2580.889893,2607.659912,2515.070068,2526.709961,3030900,^KS11
2023-07-14,2528.080078,2628.300049,2517.669922,2628.300049,3000900,^KS11
2023-07-21,2617.669922,2627.120117,2570.580078,2609.76001,2343800,^KS11
2023-07-28,2608.469971,2646.709961,2580.97998,2608.320068,3166700,^KS11
2023-08-04,2628.870117,2668.209961,2591.300049,2602.800049,3087700,^KS11
2023-08-11,2591.580078,2616.840088,2568.149902,2591.26001,2845800,^KS11
2023-08-18,2586.51001,2592.909912,2482.060059,2504.5,2596300,^KS11
2023-08-25,2511.699951,2539.439941,2499.889893,2519.139893,2432500,^KS11
2023-09-01,2519.139893,2578.620117,2519.139893,2563.709961,2251000,^KS11
2023-09-08,2566.929932,2586.649902,2530.050049,2547.679932,1919400,^KS11
2023-09-15,2549.879883,2611.0,2528.179932,2601.280029,2038900,^KS11
2023-09-22,2588.689941,2596.550049,2486.139893,2508.129883,2120300,^KS11
2023-09-29,2504.100098,2509.379883,2445.51001,2465.070068,1232300,^KS11
2023-10-06,2435.780029,2435.780029,2402.5,2408.72998,1166000,^KS11
2023-10-13,2436.580078,2479.820068,2402.439941,2456.149902,1960300,^KS11
2023-10-20,2442.429932,2466.870117,2364.01001,2375.0,3486200,^KS11
2023-10-27,2370.070068,2389.899902,2293.050049,2302.810059,2326900,^KS11
2023-11-03,2292.340088,2370.280029,2273.969971,2368.340088,2154200,^KS11
2023-11-10,2399.800049,2502.370117,2393.639893,2409.659912,2161000,^KS11
2023-11-17,2431.23999,2491.97998,2399.040039,2469.850098,1829500,^KS11
2023-11-24,2464.719971,2522.199951,2464.040039,2496.629883,1828700,^KS11
2023-12-01,2501.830078,2535.290039,2489.179932,2505.01001,2567300,^KS11
2023-12-08,2522.219971,2525.629883,2481.0,2517.850098,2195700,^KS11
2023-12-15,2524.790039,2574.22998,2509.889893,2563.560059,2186300,^KS11
2023-12-22,2568.77002,2621.370117,2556.050049,2599.51001,2390200,^KS11
2023-12-29,2609.439941,2655.280029,2590.080078,2655.280029,1249300,^KS11
